Oct-27-2025,,,,,,,Report 9: Tree Data Report,,,,,,,,,,,,,,,,,,
 ,,,,,,,,,,,,,,,,,,,,,,,,,
Project Name:,D4 2023 OLD GROWTH EXAMS,,,,,,,,,,,,,,,,,,,,,,,,
 ,,,,,,,,,,,,,,,,,,,,,,,,,
Setting Id:,'01140441010103',,,Measurement Number:,1,Measurement Date:,Jul-26-2023,,Proc Region:,01,,Proc Forest:,14,,Admin Forest:,14,,District:,04,,Location:,4101,,Stand:,0103
,Plot,Tag,Tree,Tree,Species,Tree,,,Height to,Height to,Radial,Radial,Height,Tree,Crown,Crown,Crown,Wildlife,Log/Snag,Treatment,,,,,
,Number,No.,Status,Class,Symbol,Count,Diameter,Height ,Crown,Break,Growth,Growth2,Growth,Age,Ratio,Class,Width,Use,Decay,Option,,,,,
 ,,,,,,,,,,,,,,,,,,,,,,,,,
,1,1,D,,PIPO,1,18.2,90,,,,,,,,,,,1,,,,,,
,2,1,L,,PSME,1,24.8,97,,,12,,,218,80,,29,, ,,,,,,
,2,2,L,,PSME,1,17.8,88,,,8,,,128,70,,23,, ,,,,,,
,2,3,L,,PSME,1,25.8,98,,,14,,,165,70,,28,, ,,,,,,
,3,1,L,,PSME,1,21.3,93,,,6,,,116,30,,20,, ,,,,,,
,3,2,L,,PSME,1,18.5,89,,,5,,,132,40,,20,, ,,,,,,
,3,3,D,,PSME,1,12,75,,,,,,,,,,,1,,,,,,
,3,4,L,,PSME,1,15.7,84,,,12,,,114,60,,21,, ,,,,,,
,4,1,L,,PSME,1,12,75,,,4,,,85,40,,16,, ,,,,,,
,4,2,L,,PSME,1,25.9,99,,,10,,,137,70,,28,, ,,,,,,
,4,3,L,,PSME,1,18.8,90,,,3,,,134,40,,21,, ,,,,,,
,4,4,L,,PSME,1,22.8,95,,,5,,,114,30,,21,, ,,,,,,
,4,5,L,,PSME,1,15.5,84,,,3,,,113,10,,13,, ,,,,,,
,5,1,L,,PSME,1,16.1,85,,,6,,,103,20,,16,, ,,,,,,
,5,2,L,,PIPO,1,19.1,91,,,15,,,154,80,,21,, ,,,,,,
,5,3,L,,PSME,1,12.2,76,,,5,,,120,30,,15,, ,,,,,,
,5,4,L,,PSME,1,23.4,96,,,16,,,163,70,,27,, ,,,,,,
,5,5,L,,PIPO,1,17.3,88,,,6,,,,40,,18,, ,,,,,,
,5,6,L,,PSME,1,24.1,97,,,7,,,135,40,,23,, ,,,,,,
,5,7,L,,PSME,1,21.6,94,,,8,,,151,60,,25,, ,,,,,,
,6,1,L,,PSME,1,21.8,94,,,9,,,250,60,,25,, ,,,,,,
,6,2,L,,PSME,1,23.8,96,,,9,,,208,80,,28,, ,,,,,,
,6,3,L,,PSME,1,2.3,14,,,,,,,80,,7,, ,,,,,,
,7,1,L,,PSME,1,21.2,93,,,5,,,145,40,,22,, ,,,,,,
,7,2,L,,PSME,1,11.6,74,,,6,,,89,20,,13,, ,,,,,,
,7,3,L,,PSME,1,12.7,77,,,6,,,96,10,,11,, ,,,,,,
,7,4,L,,PSME,1,11.4,73,,,4,,,88,20,,13,, ,,,,,,
,7,5,L,,PSME,1,13.6,79,,,3,,,75,30,,16,, ,,,,,,
 ,,,,,,,,,,,,,,,,,,,,,,,,,
Setting Id:,'01140441010104',,,Measurement Number:,1,Measurement Date:,Jul-25-2023,,Proc Region:,01,,Proc Forest:,14,,Admin Forest:,14,,District:,04,,Location:,4101,,Stand:,0104
,Plot,Tag,Tree,Tree,Species,Tree,,,Height to,Height to,Radial,Radial,Height,Tree,Crown,Crown,Crown,Wildlife,Log/Snag,Treatment,,,,,
,Number,No.,Status,Class,Symbol,Count,Diameter,Height ,Crown,Break,Growth,Growth2,Growth,Age,Ratio,Class,Width,Use,Decay,Option,,,,,
 ,,,,,,,,,,,,,,,,,,,,,,,,,
,1,1,L,,PSME,1,27.6,100,,,7,,,146,40,,25,, ,,,,,,
,1,2,L,,PIPO,1,29.5,106,,,8,,,153,40,,25,, ,,,,,,
,1,3,L,,PSME,1,14.7,82,,,3,,,86,30,,17,, ,,,,,,
,1,4,L,,PSME,1,18.7,90,,,9,,,124,40,,21,, ,,,,,,
,2,1,L,,LAOC,1,17.8,105,,,7,,,147,60,,20,, ,,,,,,
,2,2,L,,PSME,1,5,41,,,6,,,25,30,,9,, ,,,,,,
,2,3,L,,PSME,2,1,5,,,,,,,74,,4,, ,,,,,,
,3,1,D,,PSME,1,16.3,85,,,,,,,,,,,3,,,,,,
,3,2,L,,PSME,1,15.9,85,,,4,,,145,20,,16,, ,,,,,,
,3,3,L,,PSME,1,15,83,,,6,,,113,50,,19,, ,,,,,,
,3,4,L,,PSME,1,18.5,89,,,12,,,159,40,,20,, ,,,,,,
,4,1,L,,PSME,1,16.5,86,,,3,,,144,30,,18,, ,,,,,,
,4,2,L,,PSME,1,20.4,92,,,5,,,193,40,,21,, ,,,,,,
,4,3,L,,PSME,1,17.8,88,,,4,,,131,20,,17,, ,,,,,,
,4,4,L,,PSME,1,20.4,92,,,8,,,147,50,,23,, ,,,,,,
,5,1,L,,PSME,1,17.1,87,,,4,,,144,30,,18,, ,,,,,,
,5,2,L,,LAOC,1,11.1,87,,,7,,,110,40,,14,, ,,,,,,
,5,3,L,,PSME,1,18.6,90,,,5,,,144,30,,19,, ,,,,,,
,5,4,L,,PIPO,1,34.1,110,,,4,,,278,30,,26,, ,,,,,,
,6,1,L,,PSME,1,10.7,71,,,8,,,82,30,,14,, ,,,,,,
,6,2,L,,PSME,1,16.3,85,,,6,,,99,30,,18,, ,,,,,,
,6,3,L,,PSME,1,19.3,91,,,5,,,140,30,,19,, ,,,,,,
,6,4,L,,PSME,1,16.9,87,,,10,,,125,30,,18,, ,,,,,,
,6,5,D,,ABGR,1,19.5,104,,,,,,,,,,,3,,,,,,
,6,6,L,,PSME,1,20,92,,,5,,,162,30,,20,, ,,,,,,
,6,7,L,,PSME,1,12.3,76,,,6,,,95,20,,14,, ,,,,,,
,7,1,L,,PSME,1,19.5,91,,,5,,,115,30,,19,, ,,,,,,
,7,2,L,,PSME,1,2.3,12,,,,,,,20,,5,, ,,,,,,
 ,,,,,,,,,,,,,,,,,,,,,,,,,
Setting Id:,'01140441010105',,,Measurement Number:,1,Measurement Date:,Jul-28-2023,,Proc Region:,01,,Proc Forest:,14,,Admin Forest:,14,,District:,04,,Location:,4101,,Stand:,0105
,Plot,Tag,Tree,Tree,Species,Tree,,,Height to,Height to,Radial,Radial,Height,Tree,Crown,Crown,Crown,Wildlife,Log/Snag,Treatment,,,,,
,Number,No.,Status,Class,Symbol,Count,Diameter,Height ,Crown,Break,Growth,Growth2,Growth,Age,Ratio,Class,Width,Use,Decay,Option,,,,,
 ,,,,,,,,,,,,,,,,,,,,,,,,,
,1,1,L,,PSME,1,19.9,92,,,5,,,268,40,,21,, ,,,,,,
,1,2,L,,PSME,1,19.3,91,,,7,,,139,40,,21,, ,,,,,,
,1,3,L,,PSME,1,18,89,,,8,,,132,50,,21,, ,,,,,,
,2,1,D,,PSME,1,18,89,,,,,,,,,,,2,,,,,,
,2,2,D,,PSME,1,15,83,,,,,,,,,,,4,,,,,,
,2,3,D,,PSME,1,12,75,,,,,,,,,,,4,,,,,,
,2,4,D,,PSME,1,18,89,,,,,,,,,,,5,,,,,,
,3,1,L,,PSME,1,16.8,86,,,8,,,105,20,,16,, ,,,,,,
,3,2,L,,PSME,1,15.3,83,,,6,,,117,20,,15,, ,,,,,,
,3,3,L,,PSME,1,15.7,84,,,6,,,119,30,,17,, ,,,,,,
,3,4,L,,PSME,1,12.5,76,,,4,,,96,20,,14,, ,,,,,,
,4,1,L,,PSME,1,22.5,95,,,3,,,155,30,,21,, ,,,,,,
,4,2,L,,PSME,1,19.7,91,,,4,,,141,30,,19,, ,,,,,,
,4,3,L,,PSME,1,24,97,,,4,,,164,40,,23,, ,,,,,,
,4,4,L,,PIPO,1,19.9,93,,,5,,,128,30,,18,, ,,,,,,
,4,5,L,,PSME,1,24.8,97,,,5,,,146,50,,25,, ,,,,,,
,5,1,L,,PSME,1,17.3,87,,,7,,,139,40,,20,, ,,,,,,
,5,2,L,,PSME,1,22.3,95,,,4,,,138,30,,21,, ,,,,,,
,5,3,L,,PSME,1,19.1,90,,,4,,,138,30,,19,, ,,,,,,
,5,4,L,,PIPO,1,24.3,100,,,5,,,141,30,,21,, ,,,,,,
,6,1,L,,PSME,1,33.2,104,,,5,,,222,40,,28,, ,,,,,,
,6,2,L,,PSME,1,35,105,,,5,,,210,50,,30,, ,,,,,,
,6,3,L,,PSME,1,33.7,104,,,4,,,217,50,,30,, ,,,,,,
,6,4,L,,PSME,1,28.9,101,,,7,,,191,50,,27,, ,,,,,,
,7,1,L,,PSME,1,11.4,73,,,2,,,86,20,,13,, ,,,,,,
,7,2,L,,PSME,1,5.6,45,,,6,,,65,10,,7,, ,,,,,,
,7,3,L,,PSME,1,17.5,88,,,5,,,110,40,,20,, ,,,,,,
,7,4,L,,PSME,1,18.7,90,,,6,,,101,30,,19,, ,,,,,,
,7,5,L,,PSME,1,13.4,79,,,4,,,107,20,,14,, ,,,,,,
,7,6,L,,PIPO,1,27.3,104,,,4,,,165,30,,22,, ,,,,,,
,7,7,L,,PSME,1,17.6,88,,,6,,,130,30,,18,, ,,,,,,
 ,,,,,,,,,,,,,,,,,,,,,,,,,
Setting Id:,'01140441010112',,,Measurement Number:,1,Measurement Date:,Aug-14-2023,,Proc Region:,01,,Proc Forest:,14,,Admin Forest:,14,,District:,04,,Location:,4101,,Stand:,0112
,Plot,Tag,Tree,Tree,Species,Tree,,,Height to,Height to,Radial,Radial,Height,Tree,Crown,Crown,Crown,Wildlife,Log/Snag,Treatment,,,,,
,Number,No.,Status,Class,Symbol,Count,Diameter,Height ,Crown,Break,Growth,Growth2,Growth,Age,Ratio,Class,Width,Use,Decay,Option,,,,,
 ,,,,,,,,,,,,,,,,,,,,,,,,,
,1,1,L,,PSME,1,14.1,81,,,11,,,75,30,,16,, ,,,,,,
,1,2,D,,PSME,1,20.1,92,,,,,,,,,,,3,,,,,,
,1,3,L,,PIPO,1,31.4,108,,,4,,,211,30,,24,, ,,,,,,
,2,1,D,,PSME,1,29.9,102,,,,,,,,,,,5,,,,,,
,2,2,L,,PIPO,1,31.9,109,,,3,,,203,30,,25,, ,,,,,,
,2,3,L,,PSME,1,20.8,93,,,9,,,118,50,,23,, ,,,,,,
,2,4,L,,PSME,1,5.2,43,,,3,,,34,30,,9,, ,,,,,,
,2,5,L,,PSME,1,13.3,79,,,7,,,76,30,,16,, ,,,,,,
,2,6,L,,PSME,1,2,19,,,,,,,50,,6,, ,,,,,,
,2,7,L,,PSME,1,4,22,,,3,,,30,50,,9,, ,,,,,,
,3,1,L,,PSME,1,19.3,91,,,5,,,86,30,,19,, ,,,,,,
,3,2,L,,LAOC,1,21.8,112,,,5,,,155,40,,21,, ,,,,,,
,3,3,L,,PSME,1,24.5,97,,,8,,,100,40,,24,, ,,,,,,
,3,4,L,,PSME,1,11.4,73,,,8,,,77,30,,15,, ,,,,,,
,3,5,L,,PIPO,1,31,108,,,5,,,236,40,,26,, ,,,,,,
,3,6,L,,PSME,1,8.5,62,,,4,,,52,20,,11,, ,,,,,,
,3,7,L,,PSME,1,14.6,82,,,6,,,82,30,,17,, ,,,,,,
,3,8,L,,PSME,1,13.1,78,,,5,,,75,40,,17,, ,,,,,,
,4,1,L,,PSME,1,7.3,56,,,4,,,51,30,,11,, ,,,,,,
,4,2,L,,LAOC,1,20.4,110,,,6,,,147,40,,20,, ,,,,,,
,4,3,L,,PSME,1,14.4,81,,,6,,,81,50,,19,, ,,,,,,
,5,1,L,,PSME,1,21.6,94,,,4,,,156,30,,20,, ,,,,,,
,5,2,L,,PSME,1,23.3,96,,,5,,,126,20,,19,, ,,,,,,
,5,3,L,,PSME,1,23.5,96,,,4,,,127,20,,19,, ,,,,,,
,5,4,L,,PSME,1,27.9,100,,,3,,,143,30,,23,, ,,,,,,
,5,5,L,,PSME,1,31.5,103,,,5,,,182,40,,27,, ,,,,,,
,6,1,L,,LAOC,1,19.1,108,,,5,,,90,20,,17,, ,,,,,,
,6,2,L,,LAOC,1,19.6,109,,,4,,,157,30,,19,, ,,,,,,
,6,3,L,,PSME,1,10.1,68,,,2,,,68,10,,10,, ,,,,,,
,7,1,L,,PSME,1,9.1,64,,,8,,,57,20,,12,, ,,,,,,
,7,2,L,,PSME,1,13.1,78,,,7,,,55,30,,16,, ,,,,,,
 ,,,,,,,,,,,,,,,,,,,,,,,,,
Setting Id:,'01140441020262',,,Measurement Number:,1,Measurement Date:,Aug-03-2023,,Proc Region:,01,,Proc Forest:,14,,Admin Forest:,14,,District:,04,,Location:,4102,,Stand:,0262
,Plot,Tag,Tree,Tree,Species,Tree,,,Height to,Height to,Radial,Radial,Height,Tree,Crown,Crown,Crown,Wildlife,Log/Snag,Treatment,,,,,
,Number,No.,Status,Class,Symbol,Count,Diameter,Height ,Crown,Break,Growth,Growth2,Growth,Age,Ratio,Class,Width,Use,Decay,Option,,,,,
 ,,,,,,,,,,,,,,,,,,,,,,,,,
,1,1,D,,PSME,1,18.1,89,,,,,,,,,,,2,,,,,,
,1,2,L,,PIPO,1,22.3,97,,,8,,,175,50,,21,, ,,,,,,
,1,3,L,,PSME,1,16.8,86,,,3,,,192,40,,19,, ,,,,,,
,1,4,L,,PSME,1,13,78,,,8,,,57,60,,19,, ,,,,,,
,2,1,L,,PSME,1,15,83,,,9,,,127,60,,20,, ,,,,,,
,2,2,L,,PSME,1,11.8,74,,,11,,,66,60,,18,, ,,,,,,
,2,3,L,,PSME,1,11.8,74,,,4,,,79,45,,17,, ,,,,,,
,3,1,L,,LAOC,1,14.3,97,,,4,,,134,20,,14,, ,,,,,,
,3,2,L,,LAOC,1,10.6,85,,,4,,,,15,,11,, ,,,,,,
,3,3,L,,LAOC,1,7.4,69,,,3,,,,20,,9,, ,,,,,,
,3,4,D,,LAOC,1,8.6,76,,,,,,,,,,,1,,,,,,
,3,5,L,,PSME,1,17.1,87,,,6,,,108,40,,20,, ,,,,,,
,4,1,D,,PIPO,1,21.7,96,,,,,,,,,,,3,,,,,,
,4,2,D,,PIPO,1,22.9,98,,,,,,,,,,,1,,,,,,
,4,3,L,,PSME,1,16.9,87,,,5,,,115,40,,19,, ,,,,,,
,4,4,L,,PSME,1,16.4,86,,,4,,,115,30,,18,, ,,,,,,
,5,1,L,,PSME,1,15.1,83,,,16,,,95,60,,20,, ,,,,,,
,5,2,L,,PSME,1,24.6,97,,,8,,,208,50,,25,, ,,,,,,
,5,3,L,,PIPO,1,20.9,95,,,9,,,248,20,,17,, ,,,,,,
,5,4,L,,PIPO,1,25.1,101,,,7,,,235,40,,22,, ,,,,,,
,5,5,L,,PIPO,1,30.9,108,,,7,,,263,60,,28,, ,,,,,,
,6,1,L,,PSME,1,25.1,98,,,4,,,136,10,,16,, ,,,,,,
,7,1,L,,PSME,1,11,72,,,4,,,76,20,,13,, ,,,,,,
,7,2,L,,PSME,1,11.9,75,,,7,,,80,30,,15,, ,,,,,,
,7,3,L,,PSME,1,11.2,72,,,7,,,74,30,,14,, ,,,,,,
,7,4,L,,PSME,1,12.7,77,,,9,,,86,20,,14,, ,,,,,,
,7,5,L,,PSME,1,14.5,82,,,10,,,88,40,,18,, ,,,,,,
,1,1,D,,PSME,1,18.1,89,,,,,,,,,,,2,,,,,,
,1,2,L,,PIPO,1,22.3,97,,,13,,,175,50,,21,, ,,,,,,
,1,3,L,,PSME,1,16.8,86,,,5,,,192,40,,19,, ,,,,,,
,1,4,L,,PSME,1,13,78,,,16,,,57,60,,19,, ,,,,,,
,2,1,D,,PIPO,1,21.7,96,,,,,,,,,,,3,,,,,,
,2,2,D,,PIPO,1,22.9,98,,,,,,,,,,,1,,,,,,
,2,3,L,,PSME,1,16.9,87,,,7,,,115,40,,19,, ,,,,,,
,2,4,L,,PSME,1,16.4,86,,,8,,,115,30,,18,, ,,,,,,
,3,1,L,,PSME,1,15.1,83,,,9,,,95,60,,20,, ,,,,,,
,3,2,L,,PSME,1,24.6,97,,,3,,,208,50,,25,, ,,,,,,
,3,3,L,,PIPO,1,20.9,95,,,5,,,248,20,,17,, ,,,,,,
,3,4,L,,PIPO,1,25.1,101,,,6,,,235,40,,22,, ,,,,,,
,3,5,L,,PIPO,1,30.9,108,,,8,,,263,60,,28,, ,,,,,,
,4,1,L,,PSME,1,11,72,,,4,,,76,20,,13,, ,,,,,,
,4,2,L,,PSME,1,11.9,75,,,11,,,80,30,,15,, ,,,,,,
,4,3,L,,PSME,1,11.2,72,,,7,,,74,30,,14,, ,,,,,,
,4,4,L,,PSME,1,12.7,77,,,5,,,86,20,,14,, ,,,,,,
,4,5,L,,PSME,1,14.5,82,,,8,,,88,40,,18,, ,,,,,,
,1,1,D,,PSME,1,18.1,89,,,,,,,,,,,2,,,,,,
,1,2,L,,PIPO,1,22.3,97,,,13,,,175,50,,21,, ,,,,,,
,1,3,L,,PSME,1,16.8,86,,,5,,,192,40,,19,, ,,,,,,
,1,4,L,,PSME,1,13,78,,,16,,,57,60,,19,, ,,,,,,
,2,1,D,,PIPO,1,21.7,96,,,,,,,,,,,3,,,,,,
,2,2,D,,PIPO,1,22.9,98,,,,,,,,,,,1,,,,,,
,2,3,L,,PSME,1,16.9,87,,,7,,,115,40,,19,, ,,,,,,
,2,4,L,,PSME,1,16.4,86,,,8,,,115,30,,18,, ,,,,,,
,3,1,L,,PSME,1,15.1,83,,,9,,,95,60,,20,, ,,,,,,
,3,2,L,,PSME,1,24.6,97,,,3,,,208,50,,25,, ,,,,,,
,3,3,L,,PIPO,1,20.9,95,,,5,,,248,20,,17,, ,,,,,,
,3,4,L,,PIPO,1,25.1,101,,,6,,,235,40,,22,, ,,,,,,
,3,5,L,,PIPO,1,30.9,108,,,8,,,263,60,,28,, ,,,,,,
,4,1,L,,PSME,1,11,72,,,4,,,76,20,,13,, ,,,,,,
,4,2,L,,PSME,1,11.9,75,,,11,,,80,30,,15,, ,,,,,,
,4,3,L,,PSME,1,11.2,72,,,7,,,74,30,,14,, ,,,,,,
,4,4,L,,PSME,1,12.7,77,,,5,,,86,20,,14,, ,,,,,,
,4,5,L,,PSME,1,14.5,82,,,8,,,88,40,,18,, ,,,,,,
 ,,,,,,,,,,,,,,,,,,,,,,,,,
Setting Id:,'01140441030141',,,Measurement Number:,1,Measurement Date:,Aug-03-2023,,Proc Region:,01,,Proc Forest:,14,,Admin Forest:,14,,District:,04,,Location:,4103,,Stand:,0141
,Plot,Tag,Tree,Tree,Species,Tree,,,Height to,Height to,Radial,Radial,Height,Tree,Crown,Crown,Crown,Wildlife,Log/Snag,Treatment,,,,,
,Number,No.,Status,Class,Symbol,Count,Diameter,Height ,Crown,Break,Growth,Growth2,Growth,Age,Ratio,Class,Width,Use,Decay,Option,,,,,
 ,,,,,,,,,,,,,,,,,,,,,,,,,
,1,1,L,,PIPO,1,32.7,109,,,5,,,400,40,,26,, ,,,,,,
,1,2,L,,PSME,1,9.8,67,,,5,,,105,20,,12,, ,,,,,,
,1,3,L,,PSME,1,12.5,76,,,4,,,84,20,,14,, ,,,,,,
,1,4,L,,PSME,1,15.7,84,,,6,,,135,20,,15,, ,,,,,,
,1,5,L,,PSME,1,18.4,89,,,4,,,133,30,,19,, ,,,,,,
,2,1,L,,PSME,1,17.1,87,,,9,,,107,30,,18,, ,,,,,,
,2,2,L,,PSME,1,21,93,,,5,,,116,40,,22,, ,,,,,,
,2,3,L,,PSME,1,13.6,79,,,5,,,92,25,,15,, ,,,,,,
,2,4,L,,PIPO,1,32.1,109,,,10,,,232,40,,26,, ,,,,,,
,3,1,L,,PSME,1,21.2,93,,,5,,,205,40,,22,, ,,,,,,
,3,2,L,,PSME,1,9.6,67,,,4,,,65,30,,13,, ,,,,,,
,3,3,L,,PSME,1,13.7,80,,,3,,,94,35,,17,, ,,,,,,
,3,4,L,,PSME,1,22,94,,,7,,,162,45,,23,, ,,,,,,
,3,5,L,,PSME,1,22.2,95,,,4,,,214,45,,23,, ,,,,,,
,3,6,L,,PSME,1,16.9,87,,,4,,,120,30,,18,, ,,,,,,
,3,7,L,,PSME,1,22.1,94,,,3,,,163,25,,20,, ,,,,,,
,4,1,L,,PSME,1,18.4,89,,,5,,,88,50,,21,, ,,,,,,
,4,2,L,,PSME,1,13.7,80,,,4,,,94,30,,16,, ,,,,,,
,4,3,L,,PSME,1,15.5,84,,,7,,,109,40,,18,, ,,,,,,
,4,4,L,,PSME,1,18,89,,,3,,,84,30,,18,, ,,,,,,
,4,5,L,,PSME,1,14.7,82,,,5,,,86,50,,19,, ,,,,,,
,4,6,L,,PSME,1,15.4,84,,,7,,,108,40,,18,, ,,,,,,
,4,7,L,,PSME,1,16.4,86,,,4,,,116,40,,19,, ,,,,,,
,5,1,L,,PSME,1,17.3,87,,,6,,,92,30,,18,, ,,,,,,
,5,2,L,,PSME,1,12.9,78,,,5,,,123,20,,14,, ,,,,,,
,5,3,L,,PSME,1,12.1,75,,,3,,,81,20,,13,, ,,,,,,
,5,4,L,,PSME,1,16.7,86,,,6,,,119,40,,19,, ,,,,,,
,5,5,L,,PSME,1,17.5,88,,,11,,,97,40,,20,, ,,,,,,
,6,1,L,,PSME,1,20.9,93,,,13,,,169,50,,23,, ,,,,,,
,6,2,L,,PSME,1,17.2,87,,,6,,,123,40,,19,, ,,,,,,
,6,3,L,,PSME,1,24,97,,,11,,,209,60,,26,, ,,,,,,
,6,4,L,,PSME,1,22.2,95,,,5,,,164,30,,21,, ,,,,,,
,7,1,D,,ABGR,1,19.2,104,,,,,,,,,,,4,,,,,,
,7,2,L,,PSME,1,13.3,79,,,3,,,85,40,,17,, ,,,,,,
,7,3,D,,ABGR,1,20.1,105,,,,,,,,,,,1,,,,,,
,7,4,L,,THPL,1,20.2,95,,,10,,,81,60,,23,, ,,,,,,
,7,5,D,,PSME,1,25.2,98,,,,,,,,,,,5,,,,,,
,7,6,L,,ABGR,1,14.7,93,,,9,,,79,90,,23,, ,,,,,,
,7,7,L,,ABGR,1,9.5,73,,,9,,,,60,,17,, ,,,,,,
,7,8,L,,PSME,1,17.1,87,,,6,,,93,40,,19,, ,,,,,,
 ,,,,,,,,,,,,,,,,,,,,,,,,,
Setting Id:,'01140441030142',,,Measurement Number:,1,Measurement Date:,Aug-03-2023,,Proc Region:,01,,Proc Forest:,14,,Admin Forest:,14,,District:,04,,Location:,4103,,Stand:,0142
,Plot,Tag,Tree,Tree,Species,Tree,,,Height to,Height to,Radial,Radial,Height,Tree,Crown,Crown,Crown,Wildlife,Log/Snag,Treatment,,,,,
,Number,No.,Status,Class,Symbol,Count,Diameter,Height ,Crown,Break,Growth,Growth2,Growth,Age,Ratio,Class,Width,Use,Decay,Option,,,,,
 ,,,,,,,,,,,,,,,,,,,,,,,,,
,1,1,L,,PSME,1,11.5,73,,,4,,,79,10,,11,, ,,,,,,
,1,2,L,,PSME,1,10.3,69,,,4,,,58,20,,12,, ,,,,,,
,1,3,L,,PSME,1,26.4,99,,,8,,,170,50,,26,, ,,,,,,
,1,4,L,,PSME,1,15.2,83,,,4,,,83,30,,17,, ,,,,,,
,1,5,D,,PSME,1,11.2,72,,,,,,,,,,,5,,,,,,
,2,1,L,,PSME,1,11.5,73,,,2,,,79,10,,11,, ,,,,,,
,2,2,L,,PSME,1,10.3,69,,,3,,,58,20,,12,, ,,,,,,
,2,3,L,,PSME,1,26.4,99,,,5,,,170,50,,26,, ,,,,,,
,2,4,L,,PSME,1,15.2,83,,,7,,,83,30,,17,, ,,,,,,
,2,5,D,,PSME,1,11.2,72,,,,,,,,,,,5,,,,,,
,2,6,L,,PSME,3,1,5,,,,,,,60,,4,, ,,,,,,
,3,1,L,,PSME,1,7.9,59,,,3,,,57,10,,9,, ,,,,,,
,3,2,D,,PIPO,1,17.2,87,,,,,,,,,,,4,,,,,,
,3,3,L,,PSME,1,13.7,80,,,9,,,88,40,,17,, ,,,,,,
,3,4,L,,PIPO,1,45.1,117,,,10,,,240,70,,36,, ,,,,,,
,3,5,L,,PSME,1,14.1,81,,,5,,,91,30,,16,, ,,,,,,
,3,6,L,,PSME,1,23.7,96,,,9,,,228,40,,23,, ,,,,,,
,3,7,L,,PSME,1,23.1,96,,,5,,,172,40,,23,, ,,,,,,
,3,8,L,,PSME,1,19.5,91,,,4,,,140,40,,21,, ,,,,,,
,3,9,L,,PSME,1,9.6,67,,,2,,,52,10,,10,, ,,,,,,
,4,1,L,,PIPO,1,41.8,116,,,5,,,398,60,,34,, ,,,,,,
,4,2,L,,PSME,1,19.5,91,,,3,,,243,20,,17,, ,,,,,,
,4,3,L,,PIPO,1,23.6,99,,,7,,,186,40,,21,, ,,,,,,
,4,4,L,,PIPO,1,17.7,88,,,6,,,127,30,,17,, ,,,,,,
,4,5,L,,PSME,1,18.8,90,,,6,,,133,40,,20,, ,,,,,,
,4,6,L,,PSME,1,18.6,90,,,8,,,132,50,,22,, ,,,,,,
,4,7,L,,PIPO,1,33.8,110,,,7,,,245,60,,29,, ,,,,,,
,4,8,L,,PSME,1,10.4,70,,,3,,,84,20,,12,, ,,,,,,
,4,9,L,,PSME,1,7.8,58,,,2,,,36,20,,11,, ,,,,,,
,5,1,L,,PSME,1,16.1,85,,,3,,,86,10,,13,, ,,,,,,
,5,2,D,,PSME,1,8.1,60,,,,,,,,,,,5,,,,,,
,5,3,L,,PSME,1,15.4,84,,,3,,,103,20,,15,, ,,,,,,
,5,4,D,,PSME,1,8.4,61,,,,,,,,,,,1,,,,,,
,5,5,L,,PSME,1,15,83,,,7,,,100,15,,14,, ,,,,,,
,5,6,L,,PSME,1,14.8,82,,,2,,,96,20,,15,, ,,,,,,
,5,7,L,,PSME,1,12,75,,,6,,,73,15,,12,, ,,,,,,
,5,8,L,,PSME,1,14.6,82,,,5,,,96,20,,15,, ,,,,,,
,5,9,D,,PSME,1,10.4,70,,,,,,,,,,,2,,,,,,
,6,1,L,,PSME,1,20.2,92,,,4,,,92,10,,15,, ,,,,,,
,6,2,L,,PSME,1,14.5,82,,,2,,,58,10,,12,, ,,,,,,
,6,3,L,,PSME,1,16.3,85,,,6,,,111,40,,19,, ,,,,,,
,6,4,L,,PSME,1,14.5,82,,,8,,,95,50,,19,, ,,,,,,
,6,5,L,,PSME,1,19.3,91,,,3,,,138,50,,22,, ,,,,,,
,6,6,L,,PSME,1,17.4,87,,,4,,,121,30,,18,, ,,,,,,
,7,1,L,,PSME,1,7.7,58,,,6,,,42,50,,13,, ,,,,,,
,7,2,D,,PSME,1,22.3,95,,,,,,,,,,,1,,,,,,
,7,3,D,,PSME,1,21.6,94,,,,,,,,,,,1,,,,,,
,7,4,D,,PSME,1,23.4,96,,,,,,,,,,,1,,,,,,
,7,5,D,,PSME,1,22.1,94,,,,,,,,,,,1,,,,,,
,7,6,L,,PSME,1,1,11,,,,,,,40,,4,, ,,,,,,
,7,7,L,,PSME,1,1.5,19,,,,,,,50,,5,, ,,,,,,
,8,1,L,,PSME,1,14.5,82,,,4,,,91,10,,12,, ,,,,,,
,8,2,L,,PIPO,1,15.4,83,,,4,,,89,15,,14,, ,,,,,,
,8,3,L,,PSME,1,33.3,104,,,3,,,311,40,,27,, ,,,,,,
,8,4,L,,PSME,1,13.7,80,,,3,,,88,20,,14,, ,,,,,,
,9,1,L,,PSME,1,14.3,81,,,4,,,97,30,,16,, ,,,,,,
,9,2,L,,THPL,1,15.9,86,,,7,,,83,90,,24,, ,,,,,,
,9,3,L,,PSME,1,14.3,81,,,5,,,93,10,,12,, ,,,,,,
,9,4,L,,ABGR,1,5.5,47,,,8,,,55,30,,11,, ,,,,,,
,9,5,L,,PSME,1,13.9,80,,,5,,,90,40,,17,, ,,,,,,
,9,6,L,,LAOC,1,12.7,93,,,5,,,86,50,,16,, ,,,,,,
,9,7,L,,THPL,1,5.7,43,,,5,,,40,60,,15,, ,,,,,,
,10,1,L,,PSME,1,30.1,102,,,10,,,226,70,,30,, ,,,,,,
,10,2,L,,PSME,1,16.5,86,,,5,,,72,40,,19,, ,,,,,,
,10,3,L,,PSME,1,33.7,104,,,4,,,253,70,,32,, ,,,,,,
,10,4,L,,PSME,1,1.1,5,,,,,,,80,,5,, ,,,,,,
,1,1,L,,PSME,1,11.5,73,,,4,,,79,10,,11,, ,,,,,,
,1,2,L,,PSME,1,10.3,69,,,4,,,58,20,,12,, ,,,,,,
,1,3,L,,PSME,1,26.4,99,,,8,,,170,50,,26,, ,,,,,,
,1,4,L,,PSME,1,15.2,83,,,4,,,83,30,,17,, ,,,,,,
,1,5,D,,PSME,1,11.2,72,,,,,,,,,,,5,,,,,,
,2,1,L,,PSME,1,11.5,73,,,2,,,79,10,,11,, ,,,,,,
,2,2,L,,PSME,1,10.3,69,,,3,,,58,20,,12,, ,,,,,,
,2,3,L,,PSME,1,26.4,99,,,5,,,170,50,,26,, ,,,,,,
,2,4,L,,PSME,1,15.2,83,,,7,,,83,30,,17,, ,,,,,,
,2,5,D,,PSME,1,11.2,72,,,,,,,,,,,5,,,,,,
,2,6,L,,PSME,3,1,5,,,,,,,60,,4,, ,,,,,,
,3,1,L,,PSME,1,7.9,59,,,3,,,57,10,,9,, ,,,,,,
,3,2,D,,PIPO,1,17.2,87,,,,,,,,,,,4,,,,,,
,3,3,L,,PSME,1,13.7,80,,,9,,,88,40,,17,, ,,,,,,
,3,4,L,,PIPO,1,45.1,117,,,10,,,240,70,,36,, ,,,,,,
,3,5,L,,PSME,1,14.1,81,,,5,,,91,30,,16,, ,,,,,,
,3,6,L,,PSME,1,23.7,96,,,9,,,228,40,,23,, ,,,,,,
,3,7,L,,PSME,1,23.1,96,,,5,,,172,40,,23,, ,,,,,,
,3,8,L,,PSME,1,19.5,91,,,4,,,140,40,,21,, ,,,,,,
,3,9,L,,PSME,1,9.6,67,,,2,,,52,10,,10,, ,,,,,,
,4,1,L,,PIPO,1,41.8,116,,,5,,,398,60,,34,, ,,,,,,
,4,2,L,,PSME,1,19.5,91,,,3,,,243,20,,17,, ,,,,,,
,4,3,L,,PIPO,1,23.6,99,,,7,,,186,40,,21,, ,,,,,,
,4,4,L,,PIPO,1,17.7,88,,,6,,,127,30,,17,, ,,,,,,
,4,5,L,,PSME,1,18.8,90,,,6,,,133,40,,20,, ,,,,,,
,4,6,L,,PSME,1,18.6,90,,,8,,,132,50,,22,, ,,,,,,
,4,7,L,,PIPO,1,33.8,110,,,7,,,245,60,,29,, ,,,,,,
,4,8,L,,PSME,1,10.4,70,,,3,,,84,20,,12,, ,,,,,,
,4,9,L,,PSME,1,7.8,58,,,2,,,36,20,,11,, ,,,,,,
,5,1,L,,PSME,1,16.1,85,,,3,,,86,10,,13,, ,,,,,,
,5,2,D,,PSME,1,8.1,60,,,,,,,,,,,5,,,,,,
,5,3,L,,PSME,1,15.4,84,,,3,,,103,20,,15,, ,,,,,,
,5,4,D,,PSME,1,8.4,61,,,,,,,,,,,1,,,,,,
,5,5,L,,PSME,1,15,83,,,7,,,100,15,,14,, ,,,,,,
,5,6,L,,PSME,1,14.8,82,,,2,,,96,20,,15,, ,,,,,,
,5,7,L,,PSME,1,12,75,,,6,,,73,15,,12,, ,,,,,,
,5,8,L,,PSME,1,14.6,82,,,5,,,96,20,,15,, ,,,,,,
,5,9,D,,PSME,1,10.4,70,,,,,,,,,,,2,,,,,,
,6,1,L,,PSME,1,20.2,92,,,4,,,92,10,,15,, ,,,,,,
,6,2,L,,PSME,1,14.5,82,,,2,,,58,10,,12,, ,,,,,,
,6,3,L,,PSME,1,16.3,85,,,6,,,111,40,,19,, ,,,,,,
,6,4,L,,PSME,1,14.5,82,,,8,,,95,50,,19,, ,,,,,,
,6,5,L,,PSME,1,19.3,91,,,3,,,138,50,,22,, ,,,,,,
,6,6,L,,PSME,1,17.4,87,,,4,,,121,30,,18,, ,,,,,,
,7,1,L,,PSME,1,7.7,58,,,6,,,42,50,,13,, ,,,,,,
,7,2,D,,PSME,1,22.3,95,,,,,,,,,,,1,,,,,,
,7,3,D,,PSME,1,21.6,94,,,,,,,,,,,1,,,,,,
,7,4,D,,PSME,1,23.4,96,,,,,,,,,,,1,,,,,,
,7,5,D,,PSME,1,22.1,94,,,,,,,,,,,1,,,,,,
,7,6,L,,PSME,1,1,11,,,,,,,40,,4,, ,,,,,,
,7,7,L,,PSME,1,1.5,19,,,,,,,50,,5,, ,,,,,,
,8,1,L,,PSME,1,14.5,82,,,4,,,91,10,,12,, ,,,,,,
,8,2,L,,PIPO,1,15.4,83,,,4,,,89,15,,14,, ,,,,,,
,8,3,L,,PSME,1,33.3,104,,,3,,,311,40,,27,, ,,,,,,
,8,4,L,,PSME,1,13.7,80,,,3,,,88,20,,14,, ,,,,,,
,9,1,L,,PSME,1,14.3,81,,,4,,,97,30,,16,, ,,,,,,
,9,2,L,,THPL,1,15.9,86,,,7,,,83,90,,24,, ,,,,,,
,9,3,L,,PSME,1,14.3,81,,,5,,,93,10,,12,, ,,,,,,
,9,4,L,,ABGR,1,5.5,47,,,8,,,55,30,,11,, ,,,,,,
,9,5,L,,PSME,1,13.9,80,,,5,,,90,40,,17,, ,,,,,,
,9,6,L,,LAOC,1,12.7,93,,,5,,,86,50,,16,, ,,,,,,
,9,7,L,,THPL,1,5.7,43,,,5,,,40,60,,15,, ,,,,,,
,10,1,L,,PSME,1,30.1,102,,,10,,,226,70,,30,, ,,,,,,
,10,2,L,,PSME,1,16.5,86,,,5,,,72,40,,19,, ,,,,,,
,10,3,L,,PSME,1,33.7,104,,,4,,,253,70,,32,, ,,,,,,
,10,4,L,,PSME,1,1.1,5,,,,,,,80,,5,, ,,,,,,
,1,1,L,,PSME,1,11.5,73,,,4,,,79,10,,11,, ,,,,,,
,1,2,L,,PSME,1,10.3,69,,,4,,,58,20,,12,, ,,,,,,
,1,3,L,,PSME,1,26.4,99,,,8,,,170,50,,26,, ,,,,,,
,1,4,L,,PSME,1,15.2,83,,,4,,,83,30,,17,, ,,,,,,
,1,5,D,,PSME,1,11.2,72,,,,,,,,,,,5,,,,,,
,2,1,L,,PSME,1,11.5,73,,,2,,,79,10,,11,, ,,,,,,
,2,2,L,,PSME,1,10.3,69,,,3,,,58,20,,12,, ,,,,,,
,2,3,L,,PSME,1,26.4,99,,,5,,,170,50,,26,, ,,,,,,
,2,4,L,,PSME,1,15.2,83,,,7,,,83,30,,17,, ,,,,,,
,2,5,D,,PSME,1,11.2,72,,,,,,,,,,,5,,,,,,
,2,6,L,,PSME,3,1,5,,,,,,,60,,4,, ,,,,,,
,3,1,L,,PSME,1,7.9,59,,,3,,,57,10,,9,, ,,,,,,
,3,2,D,,PIPO,1,17.2,87,,,,,,,,,,,4,,,,,,
,3,3,L,,PSME,1,13.7,80,,,9,,,88,40,,17,, ,,,,,,
,3,4,L,,PIPO,1,45.1,117,,,10,,,240,70,,36,, ,,,,,,
,3,5,L,,PSME,1,14.1,81,,,5,,,91,30,,16,, ,,,,,,
,3,6,L,,PSME,1,23.7,96,,,9,,,228,40,,23,, ,,,,,,
,3,7,L,,PSME,1,23.1,96,,,5,,,172,40,,23,, ,,,,,,
,3,8,L,,PSME,1,19.5,91,,,4,,,140,40,,21,, ,,,,,,
,3,9,L,,PSME,1,9.6,67,,,2,,,52,10,,10,, ,,,,,,
,4,1,L,,PIPO,1,41.8,116,,,5,,,398,60,,34,, ,,,,,,
,4,2,L,,PSME,1,19.5,91,,,3,,,243,20,,17,, ,,,,,,
,4,3,L,,PIPO,1,23.6,99,,,7,,,186,40,,21,, ,,,,,,
,4,4,L,,PIPO,1,17.7,88,,,6,,,127,30,,17,, ,,,,,,
,4,5,L,,PSME,1,18.8,90,,,6,,,133,40,,20,, ,,,,,,
,4,6,L,,PSME,1,18.6,90,,,8,,,132,50,,22,, ,,,,,,
,4,7,L,,PIPO,1,33.8,110,,,7,,,245,60,,29,, ,,,,,,
,4,8,L,,PSME,1,10.4,70,,,3,,,84,20,,12,, ,,,,,,
,4,9,L,,PSME,1,7.8,58,,,2,,,36,20,,11,, ,,,,,,
,5,1,L,,PSME,1,16.1,85,,,3,,,86,10,,13,, ,,,,,,
,5,2,D,,PSME,1,8.1,60,,,,,,,,,,,5,,,,,,
,5,3,L,,PSME,1,15.4,84,,,3,,,103,20,,15,, ,,,,,,
,5,4,D,,PSME,1,8.4,61,,,,,,,,,,,1,,,,,,
,5,5,L,,PSME,1,15,83,,,7,,,100,15,,14,, ,,,,,,
,5,6,L,,PSME,1,14.8,82,,,2,,,96,20,,15,, ,,,,,,
,5,7,L,,PSME,1,12,75,,,6,,,73,15,,12,, ,,,,,,
,5,8,L,,PSME,1,14.6,82,,,5,,,96,20,,15,, ,,,,,,
,5,9,D,,PSME,1,10.4,70,,,,,,,,,,,2,,,,,,
,6,1,L,,PSME,1,20.2,92,,,4,,,92,10,,15,, ,,,,,,
,6,2,L,,PSME,1,14.5,82,,,2,,,58,10,,12,, ,,,,,,
,6,3,L,,PSME,1,16.3,85,,,6,,,111,40,,19,, ,,,,,,
,6,4,L,,PSME,1,14.5,82,,,8,,,95,50,,19,, ,,,,,,
,6,5,L,,PSME,1,19.3,91,,,3,,,138,50,,22,, ,,,,,,
,6,6,L,,PSME,1,17.4,87,,,4,,,121,30,,18,, ,,,,,,
,7,1,L,,PSME,1,7.7,58,,,6,,,42,50,,13,, ,,,,,,
,7,2,D,,PSME,1,22.3,95,,,,,,,,,,,1,,,,,,
,7,3,D,,PSME,1,21.6,94,,,,,,,,,,,1,,,,,,
,7,4,D,,PSME,1,23.4,96,,,,,,,,,,,1,,,,,,
,7,5,D,,PSME,1,22.1,94,,,,,,,,,,,1,,,,,,
,7,6,L,,PSME,1,1,11,,,,,,,40,,4,, ,,,,,,
,7,7,L,,PSME,1,1.5,19,,,,,,,50,,5,, ,,,,,,
,8,1,L,,PSME,1,14.5,82,,,4,,,91,10,,12,, ,,,,,,
,8,2,L,,PIPO,1,15.4,83,,,4,,,89,15,,14,, ,,,,,,
,8,3,L,,PSME,1,33.3,104,,,3,,,311,40,,27,, ,,,,,,
,8,4,L,,PSME,1,13.7,80,,,3,,,88,20,,14,, ,,,,,,
,9,1,L,,PSME,1,14.3,81,,,4,,,97,30,,16,, ,,,,,,
,9,2,L,,THPL,1,15.9,86,,,7,,,83,90,,24,, ,,,,,,
,9,3,L,,PSME,1,14.3,81,,,5,,,93,10,,12,, ,,,,,,
,9,4,L,,ABGR,1,5.5,47,,,8,,,55,30,,11,, ,,,,,,
,9,5,L,,PSME,1,13.9,80,,,5,,,90,40,,17,, ,,,,,,
,9,6,L,,LAOC,1,12.7,93,,,5,,,86,50,,16,, ,,,,,,
,9,7,L,,THPL,1,5.7,43,,,5,,,40,60,,15,, ,,,,,,
,10,1,L,,PSME,1,30.1,102,,,10,,,226,70,,30,, ,,,,,,
,10,2,L,,PSME,1,16.5,86,,,5,,,72,40,,19,, ,,,,,,
,10,3,L,,PSME,1,33.7,104,,,4,,,253,70,,32,, ,,,,,,
,10,4,L,,PSME,1,1.1,5,,,,,,,80,,5,, ,,,,,,
 ,,,,,,,,,,,,,,,,,,,,,,,,,
Setting Id:,'01140442020132',,,Measurement Number:,1,Measurement Date:,Aug-15-2023,,Proc Region:,01,,Proc Forest:,14,,Admin Forest:,14,,District:,04,,Location:,4202,,Stand:,0132
,Plot,Tag,Tree,Tree,Species,Tree,,,Height to,Height to,Radial,Radial,Height,Tree,Crown,Crown,Crown,Wildlife,Log/Snag,Treatment,,,,,
,Number,No.,Status,Class,Symbol,Count,Diameter,Height ,Crown,Break,Growth,Growth2,Growth,Age,Ratio,Class,Width,Use,Decay,Option,,,,,
 ,,,,,,,,,,,,,,,,,,,,,,,,,
,1,1,L,,PIPO,1,28.2,105,,,6,,,213,45,,25,, ,,,,,,
,1,2,L,,PIPO,1,25.5,102,,,4,,,137,35,,22,, ,,,,,,
,1,3,L,,PIPO,1,32.1,109,,,2,,,180,35,,26,, ,,,,,,
,1,4,L,,PSME,1,22,94,,,7,,,118,35,,21,, ,,,,,,
,1,5,L,,PSME,1,24,97,,,8,,,106,30,,22,, ,,,,,,
,2,1,L,,PSME,1,19.8,91,,,4,,,118,20,,17,, ,,,,,,
,2,2,L,,PSME,1,21.9,94,,,4,,,100,25,,20,, ,,,,,,
,2,3,L,,PSME,1,15.1,83,,,4,,,81,30,,17,, ,,,,,,
,2,4,L,,PSME,1,27.4,100,,,6,,,128,30,,23,, ,,,,,,
,2,5,L,,PIPO,1,14.4,80,,,3,,,139,15,,13,, ,,,,,,
,2,6,L,,PSME,1,22.7,95,,,4,,,102,35,,22,, ,,,,,,
,2,7,L,,PSME,1,12.6,77,,,3,,,95,25,,15,, ,,,,,,
,2,8,L,,PSME,1,11.3,73,,,5,,,70,45,,16,, ,,,,,,
,3,1,D,,PSME,1,11.2,72,,,,,,,,,,,1,,,,,,
,3,2,D,,PSME,1,10.2,69,,,,,,,,,,,2,,,,,,
,3,3,D,,PSME,1,17.5,88,,,,,,,,,,,4,,,,,,
,3,4,L,,PIPO,1,17.5,88,,,8,,,56,55,,19,, ,,,,,,
,4,1,L,,PSME,1,12.9,78,,,4,,,107,15,,13,, ,,,,,,
,4,2,L,,PSME,1,19.8,91,,,6,,,65,40,,21,, ,,,,,,
,4,3,L,,PSME,1,25.2,98,,,8,,,122,34,,23,, ,,,,,,
,5,1,L,,PIPO,1,31.6,108,,,6,,,185,30,,25,, ,,,,,,
,5,2,L,,PSME,1,17.6,88,,,5,,,81,40,,20,, ,,,,,,
,5,3,D,,PSME,1,8.8,63,,,,,,,,,,,4,,,,,,
,5,4,L,,PIPO,1,29.7,106,,,2,,,165,30,,24,, ,,,,,,
,5,5,L,,PIPO,1,25.6,102,,,12,,,138,30,,21,, ,,,,,,
,6,1,L,,PSME,1,31.8,103,,,4,,,82,55,,29,, ,,,,,,
,6,2,L,,PSME,1,25.5,98,,,5,,,110,50,,26,, ,,,,,,
,6,3,L,,PSME,1,40.8,108,,,2,,,175,60,,34,, ,,,,,,
,6,4,L,,PSME,1,26.5,99,,,7,,,113,50,,26,, ,,,,,,
,6,5,L,,PSME,1,21,93,,,8,,,124,30,,20,, ,,,,,,
,7,1,L,,PIPO,1,12.9,75,,,5,,,72,20,,13,, ,,,,,,
,7,2,L,,PSME,1,13.8,80,,,4,,,85,30,,16,, ,,,,,,
,7,3,L,,PSME,1,30.5,102,,,3,,,84,40,,26,, ,,,,,,
,7,4,L,,PIPO,1,19.9,93,,,5,,,71,25,,18,, ,,,,,,
,7,5,L,,PSME,1,26.2,99,,,8,,,112,60,,27,, ,,,,,,
,7,6,L,,PIPO,1,13.3,76,,,6,,,58,20,,13,, ,,,,,,
,7,7,D,,PIPO,1,7.2,49,,,,,,,,,,,1,,,,,,
,7,8,L,,PIPO,1,19.5,92,,,4,,,99,20,,17,, ,,,,,,
,7,9,L,,PIPO,1,11.2,69,,,6,,,45,15,,11,, ,,,,,,
,8,1,D,,PIPO,1,16,84,,,,,,,,,,,1,,,,,,
,8,2,L,,PIPO,1,21,95,,,14,,,85,55,,21,, ,,,,,,
,8,3,D,,PIPO,1,17,87,,,,,,,,,,,1,,,,,,
,8,4,D,,PIPO,1,20,93,,,,,,,,,,,1,,,,,,
,9,1,L,,PSME,1,17.3,87,,,5,,,72,25,,17,, ,,,,,,
,9,2,L,,PSME,1,18.1,89,,,4,,,56,25,,18,, ,,,,,,
,9,3,L,,PSME,1,8,59,,,2,,,65,10,,9,, ,,,,,,
,9,4,D,,PSME,1,14,80,,,,,,,,,,,4,,,,,,
,9,5,D,,PSME,1,25,98,,,,,,,,,,,4,,,,,,
,9,6,D,,PSME,1,16,85,,,,,,,,,,,4,,,,,,
,9,7,D,,PSME,1,15,83,,,,,,,,,,,3,,,,,,
,10,1,L,,PIPO,1,28,105,,,8,,,95,40,,24,, ,,,,,,
,10,2,L,,PIPO,1,22.8,98,,,5,,,174,30,,20,, ,,,,,,
,10,3,L,,PIPO,1,17.4,88,,,4,,,85,25,,16,, ,,,,,,
,11,1,L,,PIPO,1,22.1,97,,,4,,,142,35,,20,, ,,,,,,
,11,2,L,,PSME,1,32.4,104,,,8,,,147,85,,33,, ,,,,,,
,12,1,L,,PSME,1,5.3,43,,,4,,,26,50,,11,, ,,,,,,
,12,2,L,,PIPO,1,10.8,67,,,7,,,35,30,,12,, ,,,,,,
,12,3,L,,PIPO,1,18.6,90,,,7,,,54,45,,19,, ,,,,,,
,12,4,L,,PIPO,1,16.5,86,,,6,,,79,40,,17,, ,,,,,,
,12,5,L,,PIPO,1,10.9,68,,,3,,,43,15,,11,, ,,,,,,
,12,6,L,,PIPO,1,19,91,,,9,,,46,55,,20,, ,,,,,,
 ,,,,,,,,,,,,,,,,,,,,,,,,,
Setting Id:,'01140442020154',,,Measurement Number:,1,Measurement Date:,Aug-15-2023,,Proc Region:,01,,Proc Forest:,14,,Admin Forest:,14,,District:,04,,Location:,4202,,Stand:,0154
,Plot,Tag,Tree,Tree,Species,Tree,,,Height to,Height to,Radial,Radial,Height,Tree,Crown,Crown,Crown,Wildlife,Log/Snag,Treatment,,,,,
,Number,No.,Status,Class,Symbol,Count,Diameter,Height ,Crown,Break,Growth,Growth2,Growth,Age,Ratio,Class,Width,Use,Decay,Option,,,,,
 ,,,,,,,,,,,,,,,,,,,,,,,,,
,1,1,L,,PIPO,1,25.5,102,,,6,,,115,45,,23,, ,,,,,,
,1,2,D,,PIPO,1,20,93,,,,,,,,,,,4,,,,,,
,1,3,D,,PIPO,1,21,95,,,,,,,,,,,4,,,,,,
,2,1,L,,PIPO,1,23.7,99,,,7,,,143,20,,19,, ,,,,,,
,2,2,L,,PSME,1,19.9,92,,,5,,,128,30,,19,, ,,,,,,
,2,3,L,,PIPO,1,20.8,95,,,7,,,89,25,,18,, ,,,,,,
,2,4,L,,PIPO,1,16.2,85,,,4,,,70,20,,15,, ,,,,,,
,2,5,L,,PSME,1,20.4,92,,,3,,,128,15,,16,, ,,,,,,
,2,6,L,,PIPO,1,18.7,91,,,4,,,80,15,,15,, ,,,,,,
,2,7,L,,PIPO,1,23,98,,,8,,,98,25,,19,, ,,,,,,
,2,8,L,,PIPO,1,18.3,90,,,7,,,78,20,,16,, ,,,,,,
,3,1,L,,PSME,1,9.3,65,,,10,,,42,45,,14,, ,,,,,,
,3,2,L,,PSME,1,11.4,73,,,11,,,78,65,,18,, ,,,,,,
,3,3,L,,PSME,1,14.2,81,,,11,,,45,65,,20,, ,,,,,,
,4,1,L,,LAOC,1,24.7,116,,,6,,,192,40,,23,, ,,,,,,
,4,2,L,,LAOC,1,11.7,89,,,5,,,84,15,,12,, ,,,,,,
,4,3,L,,PIPO,1,34.1,110,,,6,,,159,30,,26,, ,,,,,,
,5,1,L,,PSME,1,18.1,89,,,8,,,127,30,,19,, ,,,,,,
,5,2,L,,PSME,1,18.5,89,,,4,,,114,40,,20,, ,,,,,,
,5,3,L,,PIPO,1,29.8,107,,,6,,,194,35,,24,, ,,,,,,
,5,4,L,,PSME,1,23.5,96,,,7,,,103,40,,23,, ,,,,,,
,5,5,L,,PSME,1,13.6,79,,,7,,,150,50,,18,, ,,,,,,
,5,6,L,,PSME,1,29.6,102,,,3,,,134,40,,26,, ,,,,,,
,5,7,L,,PSME,1,11.5,73,,,4,,,79,25,,14,, ,,,,,,
,5,8,L,,PSME,1,20.8,93,,,4,,,126,30,,20,, ,,,,,,
,6,1,L,,PIPO,1,35.8,112,,,10,,,158,45,,29,, ,,,,,,
,6,2,L,,PSME,1,17.7,88,,,9,,,81,60,,22,, ,,,,,,
,6,3,L,,PIPO,1,24.9,101,,,8,,,154,60,,24,, ,,,,,,
,7,1,L,,PIPO,1,12.6,74,,,6,,,36,20,,13,, ,,,,,,
,7,2,L,,PIPO,1,15.1,82,,,3,,,48,15,,13,, ,,,,,,
,7,3,L,,PIPO,1,12.1,72,,,5,,,46,30,,13,, ,,,,,,
,7,4,L,,PIPO,1,16.8,86,,,5,,,54,35,,17,, ,,,,,,
,7,5,L,,PIPO,1,12.7,74,,,9,,,55,25,,13,, ,,,,,,
,7,6,L,,PIPO,1,9.7,62,,,3,,,43,10,,9,, ,,,,,,
,7,7,L,,PIPO,1,13.7,78,,,6,,,59,20,,13,, ,,,,,,
,7,8,L,,PSME,1,7.2,55,,,2,,,32,10,,8,, ,,,,,,
,7,9,L,,PIPO,1,12.8,75,,,4,,,55,20,,13,, ,,,,,,
,8,1,L,,PSME,1,29.4,102,,,10,,,150,55,,28,, ,,,,,,
,8,2,L,,PSME,1,19.1,90,,,7,,,230,60,,23,, ,,,,,,
,8,3,L,,PIPO,1,20.1,93,,,6,,,156,45,,20,, ,,,,,,
,8,4,L,,PSME,1,34.1,105,,,2,,,210,60,,31,, ,,,,,,
,9,1,L,,PIPO,1,12.6,74,,,6,,,35,60,,15,, ,,,,,,
,9,2,L,,PIPO,1,38.4,114,,,2,,,61,50,,31,, ,,,,,,
,9,3,L,,PIPO,1,20.9,95,,,6,,,49,35,,19,, ,,,,,,
,10,1,L,,PIPO,1,21.7,96,,,17,,,58,60,,22,, ,,,,,,
,10,2,L,,PIPO,1,8.9,58,,,4,,,36,40,,12,, ,,,,,,
,10,3,L,,PIPO,1,17.4,88,,,5,,,75,50,,18,, ,,,,,,
,10,4,L,,PIPO,1,19.6,92,,,10,,,84,60,,20,, ,,,,,,
 ,,,,,,,,,,,,,,,,,,,,,,,,,
Setting Id:,'01140442040105',,,Measurement Number:,1,Measurement Date:,Aug-15-2023,,Proc Region:,01,,Proc Forest:,14,,Admin Forest:,14,,District:,04,,Location:,4204,,Stand:,0105
,Plot,Tag,Tree,Tree,Species,Tree,,,Height to,Height to,Radial,Radial,Height,Tree,Crown,Crown,Crown,Wildlife,Log/Snag,Treatment,,,,,
,Number,No.,Status,Class,Symbol,Count,Diameter,Height ,Crown,Break,Growth,Growth2,Growth,Age,Ratio,Class,Width,Use,Decay,Option,,,,,
 ,,,,,,,,,,,,,,,,,,,,,,,,,
,1,1,L,,PSME,1,26.3,99,,,4,,,154,30,,23,, ,,,,,,
,1,2,L,,PSME,1,31.3,103,,,3,,,148,40,,27,, ,,,,,,
,1,3,L,,PSME,1,7.1,55,,,7,,,39,15,,9,, ,,,,,,
,1,4,L,,LAOC,1,12.7,93,,,8,,,100,30,,14,, ,,,,,,
,1,5,L,,PSME,1,11.2,72,,,4,,,81,15,,12,, ,,,,,,
,1,6,L,,PSME,1,13.1,78,,,3,,,87,10,,12,, ,,,,,,
,2,1,D,,PSME,1,21,93,,,,,,,,,,,3,,,,,,
,2,2,D,,PSME,1,20,92,,,,,,,,,,,3,,,,,,
,2,3,L,,PSME,1,17.7,88,,,4,,,155,50,,21,, ,,,,,,
,3,1,L,,ABGR,1,17,99,,,5,,,81,40,,21,, ,,,,,,
,3,2,L,,ABGR,1,6.8,57,,,7,,,34,60,,14,, ,,,,,,
,3,3,L,,ABGR,2,0.7,5,,,,,,,66,,3,, ,,,,,,
,4,1,L,,PIPO,1,33.5,110,,,6,,,147,50,,28,, ,,,,,,
,4,2,L,,PSME,1,17.8,88,,,4,,,91,30,,18,, ,,,,,,
,4,3,L,,PSME,1,13.4,79,,,5,,,69,20,,14,, ,,,,,,
,4,4,L,,PSME,1,19.8,91,,,7,,,111,30,,19,, ,,,,,,
,4,5,L,,PSME,1,30.4,102,,,3,,,125,30,,24,, ,,,,,,
,5,1,L,,PIPO,1,24,100,,,5,,,139,40,,22,, ,,,,,,
,5,2,L,,PSME,1,15.3,83,,,8,,,108,30,,17,, ,,,,,,
,5,3,D,,PSME,1,19,90,,,,,,,,,,,4,,,,,,
,5,4,L,,ABGR,1,0.6,5,,,,,,,90,,3,, ,,,,,,
,6,1,D,,PSME,1,11,72,,,,,,,,,,,5,,,,,,
,6,2,L,,PIPO,1,27.4,104,,,4,,,147,30,,22,, ,,,,,,
,6,3,L,,PIPO,1,25,101,,,13,,,139,40,,22,, ,,,,,,
,6,4,D,,PSME,1,10,68,,,,,,,,,,,4,,,,,,
,6,5,D,,PSME,1,11.5,73,,,,,,,,,,,5,,,,,,
,6,6,L,,PSME,1,18.9,90,,,6,,,98,20,,17,, ,,,,,,
,6,7,D,,PSME,1,9,64,,,,,,,,,,,4,,,,,,
,7,1,L,,PIPO,1,17.9,89,,,5,,,128,30,,17,, ,,,,,,
,7,2,L,,PSME,1,24.1,97,,,7,,,128,40,,23,, ,,,,,,
,7,3,L,,PSME,1,21.7,94,,,4,,,118,30,,20,, ,,,,,,
,7,4,L,,PIPO,1,19.5,92,,,8,,,132,30,,18,, ,,,,,,
,7,5,L,,PIPO,1,18.6,90,,,9,,,131,40,,18,, ,,,,,,
,7,6,L,,PSME,1,7.1,55,,,10,,,79,50,,13,, ,,,,,,
,7,7,L,,PSME,1,22.5,95,,,8,,,121,50,,24,, ,,,,,,
,7,8,L,,PSME,1,21.9,94,,,6,,,119,40,,22,, ,,,,,,
 ,,,,,,,,,,,,,,,,,,,,,,,,,
Setting Id:,'01140442040109',,,Measurement Number:,1,Measurement Date:,Aug-02-2023,,Proc Region:,01,,Proc Forest:,14,,Admin Forest:,14,,District:,04,,Location:,4204,,Stand:,0109
,Plot,Tag,Tree,Tree,Species,Tree,,,Height to,Height to,Radial,Radial,Height,Tree,Crown,Crown,Crown,Wildlife,Log/Snag,Treatment,,,,,
,Number,No.,Status,Class,Symbol,Count,Diameter,Height ,Crown,Break,Growth,Growth2,Growth,Age,Ratio,Class,Width,Use,Decay,Option,,,,,
 ,,,,,,,,,,,,,,,,,,,,,,,,,
,1,1,L,,PSME,1,23.4,96,,,16,,,132,70,,27,, ,,,,,,
,1,2,L,,PIPO,1,33.4,110,,,9,,,143,60,,29,, ,,,,,,
,1,3,L,,PIPO,1,12.2,73,,,4,,,136,20,,12,, ,,,,,,
,2,1,L,,PIPO,1,28.2,105,,,5,,,176,30,,23,, ,,,,,,
,2,2,L,,PIPO,1,23.3,99,,,7,,,164,30,,20,, ,,,,,,
,2,3,L,,PSME,1,24.7,97,,,12,,,140,80,,29,, ,,,,,,
,2,4,L,,PIPO,1,20.9,95,,,4,,,145,30,,19,, ,,,,,,
,2,5,L,,PSME,1,1.2,10,,,,,,,36,,4,, ,,,,,,
,2,6,L,,PSME,1,1.4,18,,,,,,,62,,6,, ,,,,,,
,3,1,L,,PIPO,1,22.5,97,,,11,,,138,40,,21,, ,,,,,,
,3,2,L,,PIPO,1,20.3,94,,,8,,,144,50,,20,, ,,,,,,
,3,3,L,,PIPO,1,22.7,98,,,10,,,138,40,,21,, ,,,,,,
,3,4,L,,PIPO,1,20.5,94,,,6,,,144,30,,19,, ,,,,,,
,4,1,L,,PSME,1,17.7,88,,,3,,,124,40,,20,, ,,,,,,
,5,1,L,,PIPO,1,17.4,88,,,4,,,136,20,,15,, ,,,,,,
,5,2,L,,PIPO,1,14.9,81,,,6,,,125,40,,16,, ,,,,,,
,5,3,L,,PIPO,1,19,91,,,8,,,140,20,,16,, ,,,,,,
,6,1,L,,PSME,1,18.8,90,,,7,,,120,50,,22,, ,,,,,,
,6,2,D,,PSME,1,8.2,60,,,,,,,,,,,5,,,,,,
,6,3,D,,PSME,1,12.5,76,,,,,,,,,,,5,,,,,,
,6,4,L,,PSME,1,8.5,62,,,6,,,72,50,,14,, ,,,,,,
,6,5,L,,LAOC,1,15.3,100,,,7,,,108,60,,18,, ,,,,,,
,6,6,L,,PSME,1,18.3,89,,,8,,,116,40,,20,, ,,,,,,
,7,1,L,,ABGR,1,14.8,93,,,12,,,175,100,,24,, ,,,,,,
,7,2,L,,ABGR,1,14.4,92,,,23,,,,100,,23,, ,,,,,,
,7,3,L,,PIPO,1,25.6,102,,,9,,,170,30,,21,, ,,,,,,
,7,4,L,,PSME,5,1.6,5,,,,,,,58,,5,, ,,,,,,
,7,5,L,,ABGR,1,1.3,5,,,,,,,30,,4,, ,,,,,,
 ,,,,,,,,,,,,,,,,,,,,,,,,,
Setting Id:,'01140442040111',,,Measurement Number:,1,Measurement Date:,Jul-27-2023,,Proc Region:,01,,Proc Forest:,14,,Admin Forest:,14,,District:,04,,Location:,4204,,Stand:,0111
,Plot,Tag,Tree,Tree,Species,Tree,,,Height to,Height to,Radial,Radial,Height,Tree,Crown,Crown,Crown,Wildlife,Log/Snag,Treatment,,,,,
,Number,No.,Status,Class,Symbol,Count,Diameter,Height ,Crown,Break,Growth,Growth2,Growth,Age,Ratio,Class,Width,Use,Decay,Option,,,,,
 ,,,,,,,,,,,,,,,,,,,,,,,,,
,1,1,D,,PSME,1,29.2,101,,,,,,,,,,,2,,,,,,
,1,2,L,,PIPO,1,35.5,112,,,9,,,304,40,,28,, ,,,,,,
,1,3,L,,PIPO,1,38.3,114,,,3,,,275,30,,28,, ,,,,,,
,1,4,L,,PSME,1,26.1,99,,,4,,,127,30,,23,, ,,,,,,
,2,1,L,,LAOC,1,12.7,93,,,5,,,142,40,,15,, ,,,,,,
,2,2,L,,PSME,1,29.6,102,,,3,,,132,30,,24,, ,,,,,,
,2,3,L,,THPL,1,25.2,102,,,10,,,98,90,,27,, ,,,,,,
,2,4,L,,PSME,1,8.1,60,,,9,,,53,20,,11,, ,,,,,,
,2,5,L,,ABGR,6,1.6,5,,,,,,,30,,4,, ,,,,,,
,3,1,D,,PSME,1,18,89,,,,,,,,,,,5,,,,,,
,3,2,L,,ABGR,1,21.5,108,,,20,,,80,90,,28,, ,,,,,,
,3,3,L,,LAOC,1,22.6,113,,,4,,,185,50,,23,, ,,,,,,
,3,4,D,,PSME,1,19,90,,,,,,,,,,,5,,,,,,
,3,5,L,,LAOC,1,17.2,104,,,3,,,160,30,,17,, ,,,,,,
,3,6,L,,ABGR,4,1.3,5,,,,,,,30,,4,, ,,,,,,
,3,7,L,,PSME,3,1.4,5,,,,,,,76,,5,, ,,,,,,
,4,1,D,,PSME,1,22.2,95,,,,,,,,,,,5,,,,,,
,4,2,L,,PSME,1,10.2,69,,,8,,,63,30,,14,, ,,,,,,
,4,3,L,,PSME,1,9.8,67,,,9,,,75,30,,13,, ,,,,,,
,4,4,L,,PSME,2,2.3,15,,,,,,,20,,5,, ,,,,,,
,5,1,D,,PSME,1,17.2,87,,,,,,,,,,,5,,,,,,
,5,2,D,,PSME,1,15,83,,,,,,,,,,,5,,,,,,
,5,3,L,,PSME,1,1.3,9,,,,,,,20,,4,, ,,,,,,
,6,1,L,,LAOC,1,22.5,113,,,10,,,246,50,,23,, ,,,,,,
,6,2,L,,LAOC,1,10.5,85,,,8,,,106,50,,14,, ,,,,,,
,6,3,L,,LAOC,1,17,104,,,9,,,159,60,,20,, ,,,,,,
,6,4,L,,LAOC,1,23.1,114,,,3,,,160,50,,23,, ,,,,,,
,6,5,L,,PSME,1,22.8,95,,,5,,,118,40,,23,, ,,,,,,
,6,6,L,,PSME,1,7.2,55,,,7,,,86,30,,11,, ,,,,,,
,6,7,L,,LAOC,1,23.1,114,,,3,,,199,70,,24,, ,,,,,,
,7,1,L,,PIPO,1,21.5,96,,,9,,,130,40,,20,, ,,,,,,
,7,2,L,,PSME,1,16.6,86,,,5,,,111,30,,18,, ,,,,,,
,7,3,L,,LAOC,1,14.7,98,,,6,,,142,40,,17,, ,,,,,,
,7,4,L,,PIPO,1,19.3,92,,,8,,,101,30,,18,, ,,,,,,
,7,5,L,,PSME,1,18.3,89,,,5,,,128,30,,19,, ,,,,,,
,7,6,L,,PIPO,1,22.1,97,,,8,,,139,30,,19,, ,,,,,,
,8,1,L,,PSME,1,12.2,76,,,5,,,68,50,,17,, ,,,,,,
,8,2,L,,PSME,1,11.2,72,,,6,,,80,40,,16,, ,,,,,,
,8,3,L,,PSME,1,1.5,13,,,,,,,20,,4,, ,,,,,,
,9,1,L,,PSME,1,1.2,5,,,,,,,15,,3,, ,,,,,,
 ,,,,,,,,,,,,,,,,,,,,,,,,,
Setting Id:,'01140442040113',,,Measurement Number:,1,Measurement Date:,Jul-27-2023,,Proc Region:,01,,Proc Forest:,14,,Admin Forest:,14,,District:,04,,Location:,4204,,Stand:,0113
,Plot,Tag,Tree,Tree,Species,Tree,,,Height to,Height to,Radial,Radial,Height,Tree,Crown,Crown,Crown,Wildlife,Log/Snag,Treatment,,,,,
,Number,No.,Status,Class,Symbol,Count,Diameter,Height ,Crown,Break,Growth,Growth2,Growth,Age,Ratio,Class,Width,Use,Decay,Option,,,,,
 ,,,,,,,,,,,,,,,,,,,,,,,,,
,1,1,D,,PSME,1,12.3,76,,,,,,,,,,,3,,,,,,
,1,2,D,,LAOC,1,20.2,110,,,,,,,,,,,4,,,,,,
,1,3,L,,PIPO,1,29.2,106,,,12,,,219,30,,23,, ,,,,,,
,1,4,D,,PSME,1,9.3,65,,,,,,,,,,,2,,,,,,
,2,1,D,,PSME,1,10,68,,,,,,,,,,,2,,,,,,
,2,2,D,,PSME,1,15,83,,,,,,,,,,,2,,,,,,
,2,3,D,,PSME,1,16,85,,,,,,,,,,,5,,,,,,
,2,4,D,,PSME,1,17,87,,,,,,,,,,,2,,,,,,
,3,1,D,,PSME,1,25.3,98,,,,,,,,,,,4,,,,,,
,3,2,L,,PSME,1,20,92,,,4,,,139,40,,21,, ,,,,,,
,4,1,D,,PSME,1,16.5,86,,,,,,,,,,,5,,,,,,
,4,2,L,,LAOC,1,20,109,,,6,,,104,50,,21,, ,,,,,,
,4,3,L,,LAOC,1,23.9,115,,,6,,,114,40,,23,, ,,,,,,
,4,4,D,,PSME,1,17.5,88,,,,,,,,,,,5,,,,,,
,4,5,D,,PSME,1,12.5,76,,,,,,,,,,,5,,,,,,
,4,6,L,,PSME,7,2.1,15,,,,,,,73,,7,, ,,,,,,
,5,1,L,,PIPO,1,19.5,92,,,5,,,77,40,,19,, ,,,,,,
,5,2,L,,PSME,1,2.2,14,,,,,,,55,,7,, ,,,,,,
,6,1,L,,PIPO,1,23.2,99,,,7,,,125,40,,21,, ,,,,,,
,6,2,L,,PSME,1,5.4,44,,,8,,,45,40,,10,, ,,,,,,
,6,3,L,,PSME,1,7.8,58,,,8,,,51,40,,13,, ,,,,,,
,7,1,L,,PSME,1,14.9,82,,,5,,,85,30,,17,, ,,,,,,
,7,2,L,,PSME,1,19.9,92,,,9,,,120,50,,23,, ,,,,,,
,7,3,L,,PSME,1,25.2,98,,,4,,,200,40,,24,, ,,,,,,
,7,4,D,,PSME,1,27.8,100,,,,,,,,,,,3,,,,,,
,7,5,L,,PSME,2,3.6,25,,,7,,,18,20,,7,, ,,,,,,
,8,1,D,,PIPO,1,18.8,91,,,,,,,,,,,2,,,,,,
,8,2,L,,PSME,1,5.7,46,,,16,,,31,50,,12,, ,,,,,,
,8,3,L,,PIPO,1,4.3,19,,,8,,,,35,,8,, ,,,,,,
 ,,,,,,,,,,,,,,,,,,,,,,,,,
Setting Id:,'01140442040114',,,Measurement Number:,1,Measurement Date:,Jul-27-2023,,Proc Region:,01,,Proc Forest:,14,,Admin Forest:,14,,District:,04,,Location:,4204,,Stand:,0114
,Plot,Tag,Tree,Tree,Species,Tree,,,Height to,Height to,Radial,Radial,Height,Tree,Crown,Crown,Crown,Wildlife,Log/Snag,Treatment,,,,,
,Number,No.,Status,Class,Symbol,Count,Diameter,Height ,Crown,Break,Growth,Growth2,Growth,Age,Ratio,Class,Width,Use,Decay,Option,,,,,
 ,,,,,,,,,,,,,,,,,,,,,,,,,
,1,1,D,,PIPO,1,41.2,115,,,,,,,,,,,1,,,,,,
,2,1,L,,PSME,4,1.2,19,,,,,,,37,,5,, ,,,,,,
,3,1,D,,LAOC,1,6.1,60,,,,,,,,,,,4,,,,,,
,3,2,D,,PSME,1,7.2,55,,,,,,,,,,,3,,,,,,
,3,3,L,,LAOC,1,11.6,89,,,4,,,78,40,,14,, ,,,,,,
,3,4,L,,PSME,4,1.1,5,,,,,,,74,,5,, ,,,,,,
,3,5,L,,ABGR,1,1,5,,,,,,,28,,3,, ,,,,,,
,3,6,L,,PIPO,1,1.2,5,,,,,,,29,,3,, ,,,,,,
,4,1,D,,PSME,1,10.2,69,,,,,,,,,,,5,,,,,,
,4,2,D,,PIPO,1,20.5,94,,,,,,,,,,,5,,,,,,
,5,1,D,,PSME,1,6.3,50,,,,,,,,,,,5,,,,,,
,5,2,D,,PSME,1,14.5,82,,,,,,,,,,,2,,,,,,
,5,3,L,,PIPO,1,23,98,,,16,,,115,60,,23,, ,,,,,,
,6,1,D,,PSME,1,11.8,74,,,,,,,,,,,1,,,,,,
,6,2,L,,PIPO,1,17.8,89,,,8,,,112,40,,18,, ,,,,,,
,6,3,D,,PSME,1,11.7,74,,,,,,,,,,,1,,,,,,
,6,4,D,,PSME,1,12.2,76,,,,,,,,,,,1,,,,,,
,6,5,L,,PSME,1,1.5,5,,,,,,,42,,5,, ,,,,,,
,7,1,L,,PSME,1,14.4,81,,,4,,,124,30,,17,, ,,,,,,
,7,2,D,,PSME,1,13.4,79,,,,,,,,,,,2,,,,,,
,7,3,D,,PSME,1,14.5,82,,,,,,,,,,,2,,,,,,
,7,4,L,,PSME,1,21.2,93,,,5,,,127,30,,20,, ,,,,,,
,7,5,L,,PSME,1,14.4,81,,,5,,,105,40,,18,, ,,,,,,
,8,1,D,,PSME,1,6.8,53,,,,,,,,,,,1,,,,,,
,8,2,L,,PIPO,1,20.5,94,,,7,,,116,40,,20,, ,,,,,,
,8,3,D,,PIPO,1,9.2,60,,,,,,,,,,,3,,,,,,
,8,4,D,,PSME,1,16.6,86,,,,,,,,,,,1,,,,,,
,8,5,L,,PIPO,1,16.9,87,,,12,,,103,50,,18,, ,,,,,,
,8,6,D,,PSME,1,20.2,92,,,,,,,,,,,1,,,,,,
,8,7,D,,PSME,1,15.3,83,,,,,,,,,,,1,,,,,,
,8,8,L,,PIPO,1,23.5,99,,,9,,,126,70,,24,, ,,,,,,
,9,1,L,,PSME,1,24.4,97,,,10,,,126,70,,28,, ,,,,,,
,9,2,L,,LAOC,1,25.6,117,,,3,,,135,60,,26,, ,,,,,,
,9,3,L,,LAOC,1,24.9,116,,,5,,,146,80,,27,, ,,,,,,
,9,4,L,,LAOC,1,19.5,108,,,10,,,118,50,,21,, ,,,,,,
,9,5,L,,PIPO,1,21.8,96,,,7,,,81,40,,20,, ,,,,,,
,10,1,D,,PSME,1,16.3,85,,,,,,,,,,,4,,,,,,
,11,1,L,,PSME,1,11.6,74,,,11,,,84,40,,16,, ,,,,,,
,11,2,L,,PSME,1,17.2,87,,,9,,,137,80,,24,, ,,,,,,
,11,3,L,,PIPO,1,27.1,104,,,5,,,125,80,,27,, ,,,,,,
,11,4,D,,PSME,1,22.7,95,,,,,,,,,,,1,,,,,,
,11,5,L,,PSME,1,7.2,55,,,3,,,82,10,,8,, ,,,,,,
,11,6,D,,PSME,1,15.5,84,,,,,,,,,,,1,,,,,,
,11,7,L,,PIPO,1,25.3,101,,,7,,,118,60,,24,, ,,,,,,
,12,1,D,,PSME,1,25.7,98,,,,,,,,,,,1,,,,,,
,13,1,L,,PSME,1,10.1,68,,,2,,,94,10,,10,, ,,,,,,
,13,2,L,,LAOC,1,14.8,99,,,4,,,133,30,,16,, ,,,,,,
,13,3,L,,THPL,1,7.8,56,,,11,,,19,70,,17,, ,,,,,,
,13,4,L,,LAOC,1,16.8,103,,,2,,,85,10,,14,, ,,,,,,
,13,5,L,,PSME,1,13,78,,,8,,,80,40,,17,, ,,,,,,
 ,,,,,,,,,,,,,,,,,,,,,,,,,
Setting Id:,'01140442040115',,,Measurement Number:,1,Measurement Date:,Aug-01-2023,,Proc Region:,01,,Proc Forest:,14,,Admin Forest:,14,,District:,04,,Location:,4204,,Stand:,0115
,Plot,Tag,Tree,Tree,Species,Tree,,,Height to,Height to,Radial,Radial,Height,Tree,Crown,Crown,Crown,Wildlife,Log/Snag,Treatment,,,,,
,Number,No.,Status,Class,Symbol,Count,Diameter,Height ,Crown,Break,Growth,Growth2,Growth,Age,Ratio,Class,Width,Use,Decay,Option,,,,,
 ,,,,,,,,,,,,,,,,,,,,,,,,,
,1,1,L,,PIPO,1,38.5,114,,,7,,,370,50,,31,, ,,,,,,
,1,2,L,,PSME,1,25.6,98,,,5,,,193,40,,24,, ,,,,,,
,1,3,L,,PIPO,1,29.9,107,,,12,,,263,50,,26,, ,,,,,,
,1,4,L,,PSME,1,13.1,78,,,9,,,121,50,,18,, ,,,,,,
,2,1,L,,THPL,1,6.5,48,,,6,,,29,40,,14,, ,,,,,,
,2,2,D,,ABGR,1,16,96,,,,,,,,,,,2,,,,,,
,2,3,L,,PSME,1,20.9,93,,,4,,,99,30,,20,, ,,,,,,
,2,4,D,,ABGR,1,21,107,,,,,,,,,,,5,,,,,,
,2,5,L,,THPL,1,16.9,88,,,5,,,71,40,,19,, ,,,,,,
,2,6,L,,LAOC,1,14.8,99,,,3,,,136,20,,14,, ,,,,,,
,2,7,L,,THPL,1,19.1,93,,,9,,,89,50,,21,, ,,,,,,
,2,8,L,,THPL,1,17.9,90,,,6,,,75,50,,21,, ,,,,,,
,3,1,D,,PSME,1,25,98,,,,,,,,,,,5,,,,,,
,3,2,L,,LAOC,1,15.4,100,,,6,,,109,30,,16,, ,,,,,,
,3,3,L,,THPL,1,20.9,96,,,5,,,61,80,,25,, ,,,,,,
,3,4,D,,PSME,1,24,97,,,,,,,,,,,3,,,,,,
,3,5,L,,LAOC,1,18.7,107,,,9,,,144,30,,18,, ,,,,,,
,3,6,L,,THPL,1,27.2,104,,,8,,,88,80,,27,, ,,,,,,
,3,7,L,,ABGR,2,3.5,21,,,6,,,,30,,8,, ,,,,,,
,4,1,D,,LAOC,1,11,87,,,,,,,,,,,4,,,,,,
,4,2,D,,LAOC,1,13,94,,,,,,,,,,,3,,,,,,
,4,3,L,,THPL,1,8.3,59,,,3,,,60,20,,13,, ,,,,,,
,4,4,D,,LAOC,1,17,104,,,,,,,,,,,3,,,,,,
,4,5,L,,ABGR,1,28.8,117,,,5,,,100,50,,28,, ,,,,,,
,4,6,D,,LAOC,1,15,99,,,,,,,,,,,4,,,,,,
,4,7,L,,THPL,1,15.2,84,,,7,,,148,40,,19,, ,,,,,,
,4,8,L,,LAOC,1,13.9,96,,,4,,,107,20,,14,, ,,,,,,
,5,1,L,,PSME,1,23.3,96,,,6,,,160,30,,21,, ,,,,,,
,5,2,L,,PIPO,1,24.3,100,,,7,,,173,40,,22,, ,,,,,,
,5,3,L,,PSME,1,10.3,69,,,7,,,74,30,,14,, ,,,,,,
,5,4,L,,PSME,1,8.4,61,,,5,,,60,30,,12,, ,,,,,,
,5,5,L,,PSME,1,18.3,89,,,3,,,130,30,,19,, ,,,,,,
,5,6,L,,PSME,1,16.5,86,,,8,,,114,30,,18,, ,,,,,,
,5,7,L,,LAOC,1,19.6,109,,,5,,,151,40,,20,, ,,,,,,
,5,8,L,,THPL,1,20.9,96,,,14,,,69,90,,25,, ,,,,,,
,6,1,L,,THPL,1,27,104,,,16,,,62,80,,26,, ,,,,,,
,6,2,D,,LAOC,1,19.9,109,,,,,,,,,,,3,,,,,,
,6,3,L,,THPL,1,18.5,91,,,7,,,73,60,,22,, ,,,,,,
,6,4,D,,LAOC,1,18.7,107,,,,,,,,,,,2,,,,,,
,6,5,D,,ABGR,1,13.5,89,,,,,,,,,,,5,,,,,,
,7,1,D,,PSME,1,13,78,,,,,,,,,,,5,,,,,,
,7,2,L,,PSME,1,6.7,52,,,3,,,38,30,,11,, ,,,,,,
,7,3,L,,PSME,1,9.9,68,,,4,,,70,20,,12,, ,,,,,,
,7,4,L,,PSME,1,5.3,43,,,3,,,40,20,,8,, ,,,,,,
,7,5,L,,LAOC,1,14.1,97,,,6,,,160,30,,15,, ,,,,,,
,7,6,L,,PSME,4,4.5,20,,,2,,,35,20,,7,, ,,,,,,
 ,,,,,,,,,,,,,,,,,,,,,,,,,
Setting Id:,'01140442040117',,,Measurement Number:,1,Measurement Date:,Aug-02-2023,,Proc Region:,01,,Proc Forest:,14,,Admin Forest:,14,,District:,04,,Location:,4204,,Stand:,0117
,Plot,Tag,Tree,Tree,Species,Tree,,,Height to,Height to,Radial,Radial,Height,Tree,Crown,Crown,Crown,Wildlife,Log/Snag,Treatment,,,,,
,Number,No.,Status,Class,Symbol,Count,Diameter,Height ,Crown,Break,Growth,Growth2,Growth,Age,Ratio,Class,Width,Use,Decay,Option,,,,,
 ,,,,,,,,,,,,,,,,,,,,,,,,,
,1,1,D,,PSME,1,20.8,93,,,,,,,,,,,4,,,,,,
,1,2,L,,LAOC,1,20.5,110,,,6,,,155,40,,20,, ,,,,,,
,1,3,L,,LAOC,1,21.1,111,,,5,,,145,40,,21,, ,,,,,,
,1,4,L,,PSME,1,14.2,81,,,4,,,61,30,,16,, ,,,,,,
,1,5,L,,ABGR,1,1.4,5,,,,,,,65,,5,, ,,,,,,
,2,1,L,,LAOC,1,20.1,109,,,6,,,100,40,,20,, ,,,,,,
,2,2,L,,LAOC,1,17.9,106,,,4,,,92,40,,19,, ,,,,,,
,2,3,L,,PSME,1,14.8,82,,,8,,,109,30,,17,, ,,,,,,
,2,4,L,,LAOC,1,19.6,109,,,5,,,118,40,,20,, ,,,,,,
,3,1,L,,PSME,1,7.3,56,,,4,,,55,30,,11,, ,,,,,,
,3,2,L,,THPL,1,12.9,78,,,6,,,82,30,,17,, ,,,,,,
,3,3,L,,THPL,1,11.4,72,,,11,,,84,20,,14,, ,,,,,,
,3,4,L,,THPL,1,17,88,,,4,,,92,10,,13,, ,,,,,,
,3,5,D,,LAOC,1,12.6,92,,,,,,,,,,,5,,,,,,
,3,6,D,,ABGR,1,22.3,109,,,,,,,,,,,5,,,,,,
,3,7,L,,THPL,1,25.2,102,,,4,,,158,40,,22,, ,,,,,,
,3,8,L,,THPL,1,18,90,,,7,,,98,40,,20,, ,,,,,,
,3,9,L,,THPL,1,21.6,97,,,8,,,106,40,,21,, ,,,,,,
,4,1,L,,PSME,1,14.6,82,,,5,,,64,30,,17,, ,,,,,,
,4,2,L,,ABGR,1,1.2,5,,,,,,,42,,4,, ,,,,,,
,5,1,L,,PSME,1,24.6,97,,,2,,,161,20,,20,, ,,,,,,
,5,2,L,,ABGR,1,6.6,55,,,6,,,72,20,,11,, ,,,,,,
,5,3,L,,ABGR,1,18.5,102,,,8,,,73,30,,20,, ,,,,,,
,5,4,L,,PSME,1,25.5,98,,,3,,,146,35,,23,, ,,,,,,
,5,5,L,,ABGR,1,22.7,110,,,5,,,80,40,,24,, ,,,,,,
,5,6,L,,ABGR,1,6.5,54,,,13,,,54,50,,13,, ,,,,,,
,5,7,L,,ABGR,1,20.4,106,,,6,,,76,45,,23,, ,,,,,,
,5,8,L,,ABGR,11,1.1,5,,,,,,,28,,4,, ,,,,,,
,6,1,D,,ABGR,1,10.9,79,,,,,,,,,,,5,,,,,,
,6,2,L,,ABGR,1,6,51,,,4,,,41,60,,13,, ,,,,,,
,6,3,D,,PSME,1,27,100,,,,,,,,,,,1,,,,,,
,6,4,L,,PSME,1,17.9,88,,,4,,,79,35,,19,, ,,,,,,
,6,5,L,,PSME,1,15.1,83,,,11,,,86,40,,18,, ,,,,,,
,6,6,L,,ABGR,1,5.9,50,,,11,,,53,35,,12,, ,,,,,,
,7,1,D,,ABGR,1,10.5,77,,,,,,,,,,,1,,,,,,
,7,2,D,,PSME,1,15.3,83,,,,,,,,,,,4,,,,,,
,7,3,L,,THPL,1,28.7,105,,,4,,,90,70,,26,, ,,,,,,
,7,4,L,,ABGR,1,7.2,59,,,6,,,51,20,,12,, ,,,,,,
,7,5,D,,PSME,1,20.3,92,,,,,,,,,,,4,,,,,,
,7,6,D,,PSME,1,16.4,86,,,,,,,,,,,5,,,,,,
,8,1,L,,TSHE,1,15.5,92,,,11,,,92,60,,25,, ,,,,,,
,8,2,L,,THPL,1,24.6,101,,,4,,,115,40,,22,, ,,,,,,
,8,3,L,,THPL,1,5.6,42,,,5,,,85,60,,14,, ,,,,,,
,8,4,L,,THPL,1,8.5,60,,,9,,,77,60,,17,, ,,,,,,
,8,5,D,,ABGR,1,9.2,71,,,,,,,,,,,5,,,,,,
,8,6,L,,TSHE,1,18.5,99,,,10,,,78,40,,24,, ,,,,,,
,9,1,L,,PIPO,1,25.1,101,,,14,,,67,40,,22,, ,,,,,,
,9,2,L,,PIPO,1,13.3,76,,,5,,,71,10,,11,, ,,,,,,
,9,3,L,,PIPO,1,25.4,102,,,8,,,87,40,,22,, ,,,,,,
,9,4,L,,PSME,1,10.3,69,,,8,,,81,60,,17,, ,,,,,,
,9,5,L,,PSME,1,15.6,84,,,6,,,72,50,,20,, ,,,,,,
,10,1,L,,PSME,1,11.3,73,,,6,,,67,50,,17,, ,,,,,,
,10,2,L,,PSME,1,30.3,102,,,8,,,145,70,,31,, ,,,,,,
,10,3,L,,PSME,1,2,18,,,,,,,30,,5,, ,,,,,,
,11,1,L,,THPL,1,8.7,61,,,19,,,62,90,,19,, ,,,,,,
,11,2,L,,THPL,1,13,78,,,12,,,84,90,,22,, ,,,,,,
,11,3,L,,LAOC,1,28.3,119,,,4,,,248,50,,26,, ,,,,,,
,11,4,L,,THPL,2,1.1,5,,,,,,,17,,4,, ,,,,,,
 ,,,,,,,,,,,,,,,,,,,,,,,,,
Setting Id:,'01140442040118',,,Measurement Number:,1,Measurement Date:,Aug-01-2023,,Proc Region:,01,,Proc Forest:,14,,Admin Forest:,14,,District:,04,,Location:,4204,,Stand:,0118
,Plot,Tag,Tree,Tree,Species,Tree,,,Height to,Height to,Radial,Radial,Height,Tree,Crown,Crown,Crown,Wildlife,Log/Snag,Treatment,,,,,
,Number,No.,Status,Class,Symbol,Count,Diameter,Height ,Crown,Break,Growth,Growth2,Growth,Age,Ratio,Class,Width,Use,Decay,Option,,,,,
 ,,,,,,,,,,,,,,,,,,,,,,,,,
,1,1,L,,THPL,1,21.9,97,,,4,,,138,30,,19,, ,,,,,,
,1,2,L,,THPL,1,14.4,82,,,5,,,135,30,,17,, ,,,,,,
,1,3,D,,ABGR,1,19,103,,,,,,,,,,,4,,,,,,
,1,4,L,,ABGR,1,20.5,106,,,7,,,101,40,,23,, ,,,,,,
,1,5,D,,ABGR,1,16,96,,,,,,,,,,,1,,,,,,
,1,6,L,,ABGR,1,15.9,96,,,8,,,106,30,,19,, ,,,,,,
,1,7,L,,ABGR,1,18.7,103,,,5,,,106,30,,21,, ,,,,,,
,1,8,L,,ABGR,1,14.5,92,,,7,,,117,30,,18,, ,,,,,,
,1,9,L,,THPL,1,20.9,96,,,7,,,124,40,,21,, ,,,,,,
,1,10,D,,PSME,1,31,103,,,,,,,,,,,2,,,,,,
,1,11,L,,TSHE,2,1.8,7,,,,,,,37,,6,, ,,,,,,
,2,1,L,,THPL,1,19.8,94,,,7,,,83,50,,22,, ,,,,,,
,2,2,L,,THPL,1,14.5,82,,,3,,,120,20,,15,, ,,,,,,
,2,3,L,,THPL,1,19,92,,,6,,,123,30,,19,, ,,,,,,
,2,4,L,,THPL,1,6.2,46,,,2,,,115,20,,11,, ,,,,,,
,2,5,L,,THPL,1,15.2,84,,,7,,,120,40,,19,, ,,,,,,
,2,6,D,,PSME,1,16.3,85,,,,,,,,,,,1,,,,,,
,2,7,L,,THPL,1,15.6,85,,,13,,,121,40,,19,, ,,,,,,
,2,8,L,,THPL,1,14.6,83,,,6,,,114,30,,17,, ,,,,,,
,3,1,L,,TSHE,1,26.6,112,,,6,,,173,40,,29,, ,,,,,,
,3,2,L,,TSHE,1,20.3,103,,,5,,,98,20,,22,, ,,,,,,
,3,3,L,,TSHE,1,7.9,62,,,3,,,74,60,,18,, ,,,,,,
,3,4,L,,THPL,1,24.6,101,,,6,,,161,45,,22,, ,,,,,,
,3,5,L,,THPL,1,21.2,96,,,7,,,157,30,,19,, ,,,,,,
,3,6,L,,TSHE,3,1.5,5,,,,,,,20,,5,, ,,,,,,
,4,1,L,,THPL,1,15.2,84,,,6,,,94,15,,14,, ,,,,,,
,4,2,L,,TSHE,1,15.9,93,,,7,,,86,60,,25,, ,,,,,,
,4,3,L,,TSHE,1,20.1,102,,,10,,,129,60,,28,, ,,,,,,
,4,4,L,,TSHE,1,21.1,104,,,6,,,145,50,,28,, ,,,,,,
,4,5,L,,THPL,1,10.4,69,,,2,,,86,30,,15,, ,,,,,,
,5,1,L,,THPL,1,15.7,85,,,9,,,67,30,,18,, ,,,,,,
,5,2,L,,THPL,1,22,97,,,8,,,92,50,,22,, ,,,,,,
,5,3,L,,ABGR,1,19.4,104,,,8,,,90,50,,23,, ,,,,,,
,5,4,L,,PSME,1,21.6,94,,,5,,,88,40,,22,, ,,,,,,
,5,5,L,,PSME,1,25.4,98,,,11,,,135,70,,28,, ,,,,,,
,5,6,L,,THPL,1,18.6,92,,,4,,,123,30,,18,, ,,,,,,
,5,7,L,,THPL,1,1.3,11,,,,,,,50,,7,, ,,,,,,
,5,8,L,,TSHE,1,1.6,5,,,,,,,50,,6,, ,,,,,,
,6,1,L,,LAOC,1,21.2,111,,,7,,,183,20,,18,, ,,,,,,
,6,2,L,,TSHE,1,18.2,99,,,4,,,151,40,,24,, ,,,,,,
,6,3,D,,ABGR,1,18.5,102,,,,,,,,,,,5,,,,,,
,6,4,L,,TSHE,1,17.1,96,,,13,,,116,50,,25,, ,,,,,,
,6,5,L,,TSHE,1,18.1,99,,,5,,,121,30,,23,, ,,,,,,
,7,1,L,,TSHE,1,22.5,106,,,9,,,126,40,,27,, ,,,,,,
,7,2,L,,THPL,1,18.4,91,,,5,,,150,20,,17,, ,,,,,,
,7,3,L,,ABGR,1,21.5,108,,,9,,,103,30,,22,, ,,,,,,
,7,4,L,,PSME,1,26.6,99,,,4,,,123,30,,23,, ,,,,,,
,7,5,L,,ABGR,1,23,110,,,8,,,120,40,,24,, ,,,,,,
,7,6,L,,ABGR,1,21.5,108,,,7,,,106,50,,24,, ,,,,,,
,7,7,L,,THPL,1,13.2,79,,,5,,,160,30,,17,, ,,,,,,
,7,8,L,,THPL,1,15.5,85,,,8,,,121,70,,22,, ,,,,,,
,7,9,L,,PIMO3,1,24.8,131,,,7,,,170,10,,14,, ,,,,,,
,7,10,D,,TSHE,1,25,110,,,,,,,,,,,5,,,,,,
,7,11,L,,THPL,1,2.1,19,,,,,,,15,,7,, ,,,,,,
,8,1,L,,TSHE,1,16.5,95,,,8,,,140,40,,23,, ,,,,,,
,8,2,L,,THPL,1,10.3,68,,,4,,,135,20,,14,, ,,,,,,
,8,3,L,,TSHE,1,27.7,113,,,16,,,150,60,,33,, ,,,,,,
,9,1,L,,PIMO3,1,21.1,124,,,15,,,212,60,,16,, ,,,,,,
,9,2,L,,THPL,1,12.1,75,,,5,,,142,20,,15,, ,,,,,,
,10,1,L,,PIPO,1,37,113,,,5,,,187,50,,30,, ,,,,,,
,10,2,L,,THPL,1,26.3,103,,,21,,,112,100,,28,, ,,,,,,
,10,3,D,,PSME,1,14.5,82,,,,,,,,,,,5,,,,,,
,10,4,L,,ABGR,7,1.5,5,,,,,,,59,,5,, ,,,,,,
,10,5,L,,THPL,2,1.3,6,,,,,,,14,,4,, ,,,,,,
 ,,,,,,,,,,,,,,,,,,,,,,,,,
Setting Id:,'01140442040120',,,Measurement Number:,1,Measurement Date:,Aug-07-2023,,Proc Region:,01,,Proc Forest:,14,,Admin Forest:,14,,District:,04,,Location:,4204,,Stand:,0120
,Plot,Tag,Tree,Tree,Species,Tree,,,Height to,Height to,Radial,Radial,Height,Tree,Crown,Crown,Crown,Wildlife,Log/Snag,Treatment,,,,,
,Number,No.,Status,Class,Symbol,Count,Diameter,Height ,Crown,Break,Growth,Growth2,Growth,Age,Ratio,Class,Width,Use,Decay,Option,,,,,
 ,,,,,,,,,,,,,,,,,,,,,,,,,
,1,1,L,,PSME,1,16.3,85,,,11,,,75,60,,21,, ,,,,,,
,1,2,D,,PSME,1,20.7,93,,,,,,,,,,,5,,,,,,
,1,3,D,,PSME,1,18.2,89,,,,,,,,,,,5,,,,,,
,1,4,L,,THPL,1,13.2,79,,,7,,,86,100,,23,, ,,,,,,
,1,5,L,,PSME,1,13.2,78,,,11,,,110,70,,20,, ,,,,,,
,1,6,D,,PSME,1,19.4,91,,,,,,,,,,,5,,,,,,
,1,7,L,,PSME,3,1.2,5,,,,,,,30,,4,, ,,,,,,
,2,1,L,,LAOC,1,20.4,110,,,6,,,185,70,,23,, ,,,,,,
,2,2,D,,PSME,1,25.2,98,,,,,,,,,,,5,,,,,,
,2,3,L,,PSME,1,20,92,,,5,,,184,40,,21,, ,,,,,,
,2,4,L,,PSME,1,19.5,91,,,8,,,144,80,,25,, ,,,,,,
,3,1,L,,PSME,1,13.4,79,,,3,,,104,30,,16,, ,,,,,,
,3,2,L,,LAOC,1,12.5,92,,,5,,,74,40,,15,, ,,,,,,
,3,3,D,,PSME,1,22.3,95,,,,,,,,,,,5,,,,,,
,3,4,L,,PSME,1,20.4,92,,,12,,,176,50,,23,, ,,,,,,
,3,5,L,,PSME,1,16.2,85,,,3,,,127,50,,20,, ,,,,,,
,4,1,L,,PSME,1,13.5,79,,,6,,,121,40,,17,, ,,,,,,
,4,2,L,,PSME,1,12.4,76,,,8,,,108,40,,17,, ,,,,,,
,4,3,L,,PSME,1,15.2,83,,,7,,,122,40,,18,, ,,,,,,
,4,4,L,,PSME,1,12.7,77,,,4,,,109,30,,15,, ,,,,,,
,4,5,L,,PSME,1,9.2,65,,,5,,,91,50,,15,, ,,,,,,
,4,6,D,,PSME,1,12.3,76,,,,,,,,,,,2,,,,,,
,4,7,L,,PSME,1,13.7,80,,,3,,,114,20,,14,, ,,,,,,
,4,8,D,,PSME,1,9.5,66,,,,,,,,,,,4,,,,,,
,4,9,L,,PSME,1,13.8,80,,,11,,,115,50,,19,, ,,,,,,
,4,10,L,,PSME,1,15.5,84,,,7,,,123,40,,19,, ,,,,,,
,4,11,L,,PSME,1,14.3,81,,,9,,,148,20,,15,, ,,,,,,
,4,12,L,,PSME,1,18.3,89,,,4,,,182,30,,19,, ,,,,,,
,5,1,L,,PSME,1,14.8,82,,,5,,,113,30,,17,, ,,,,,,
,5,2,L,,PSME,1,24.9,98,,,6,,,170,60,,27,, ,,,,,,
,5,3,L,,PSME,1,27.3,100,,,5,,,160,50,,27,, ,,,,,,
,5,4,L,,PSME,1,24.3,97,,,9,,,168,50,,25,, ,,,,,,
,5,5,L,,PSME,1,1.2,11,,,,,,,45,,5,, ,,,,,,
,6,1,D,,PIPO,1,18.5,90,,,,,,,,,,,5,,,,,,
,6,2,L,,PSME,1,12.2,76,,,5,,,116,20,,14,, ,,,,,,
,7,1,D,,PSME,1,24.2,97,,,,,,,,,,,1,,,,,,
,7,2,D,,PSME,1,22.3,95,,,,,,,,,,,2,,,,,,
,7,3,D,,PSME,1,20.2,92,,,,,,,,,,,4,,,,,,
,7,4,L,,PSME,1,23,96,,,11,,,131,50,,24,, ,,,,,,
,8,1,L,,PIPO,1,20.3,94,,,20,,,154,80,,22,, ,,,,,,
,8,2,L,,PIPO,1,27.3,104,,,11,,,227,80,,27,, ,,,,,,
,8,3,D,,PSME,1,20.5,92,,,,,,,,,,,1,,,,,,
,9,1,D,,PSME,1,19,90,,,,,,,,,,,4,,,,,,
,9,2,L,,PIPO,1,22.3,97,,,8,,,198,50,,21,, ,,,,,,
,9,3,L,,PSME,1,0.9,5,,,,,,,71,,4,, ,,,,,,
,10,1,L,,PSME,1,9.7,67,,,5,,,62,50,,15,, ,,,,,,
,10,2,D,,PSME,1,5,41,,,,,,,,,,,1,,,,,,
,10,3,D,,PSME,1,6.5,51,,,,,,,,,,,1,,,,,,
,10,4,D,,PSME,1,8.1,60,,,,,,,,,,,1,,,,,,
,10,5,L,,PIPO,1,32.6,109,,,4,,,219,30,,25,, ,,,,,,
 ,,,,,,,,,,,,,,,,,,,,,,,,,
Setting Id:,'01140442040121',,,Measurement Number:,1,Measurement Date:,Jul-25-2023,,Proc Region:,01,,Proc Forest:,14,,Admin Forest:,14,,District:,04,,Location:,4204,,Stand:,0121
,Plot,Tag,Tree,Tree,Species,Tree,,,Height to,Height to,Radial,Radial,Height,Tree,Crown,Crown,Crown,Wildlife,Log/Snag,Treatment,,,,,
,Number,No.,Status,Class,Symbol,Count,Diameter,Height ,Crown,Break,Growth,Growth2,Growth,Age,Ratio,Class,Width,Use,Decay,Option,,,,,
 ,,,,,,,,,,,,,,,,,,,,,,,,,
,1,1,L,,PSME,1,10.6,70,,,3,,,125,10,,10,, ,,,,,,
,1,2,L,,ABGR,1,8,64,,,8,,,76,70,,16,, ,,,,,,
,1,3,L,,PSME,1,22,94,,,3,,,128,30,,21,, ,,,,,,
,1,4,L,,ABGR,1,8,64,,,12,,,85,70,,16,, ,,,,,,
,1,5,L,,PSME,1,26.8,99,,,6,,,153,40,,25,, ,,,,,,
,2,1,L,,THPL,1,27.8,104,,,13,,,62,90,,28,, ,,,,,,
,2,2,D,,LAOC,1,11.6,89,,,,,,,,,,,4,,,,,,
,2,3,D,,LAOC,1,14.7,98,,,,,,,,,,,4,,,,,,
,2,4,L,,THPL,1,30.2,107,,,18,,,162,90,,28,, ,,,,,,
,2,5,L,,PSME,1,22.8,95,,,3,,,114,40,,23,, ,,,,,,
,2,6,L,,ABGR,1,7.5,61,,,6,,,87,40,,14,, ,,,,,,
,2,7,L,,ABGR,5,0.9,5,,,,,,,41,,3,, ,,,,,,
,2,8,L,,PSME,1,1.1,12,,,,,,,62,,5,, ,,,,,,
,3,1,L,,PSME,1,22,94,,,5,,,256,30,,21,, ,,,,,,
,3,2,L,,PSME,1,18,89,,,5,,,142,30,,18,, ,,,,,,
,3,3,L,,PSME,1,12.7,77,,,4,,,138,30,,15,, ,,,,,,
,3,4,L,,PSME,1,17.1,87,,,3,,,147,30,,18,, ,,,,,,
,4,1,L,,PSME,1,9.1,64,,,7,,,108,20,,11,, ,,,,,,
,4,2,L,,PSME,1,21.1,93,,,5,,,170,40,,22,, ,,,,,,
,4,3,L,,PSME,1,19.1,90,,,5,,,156,40,,21,, ,,,,,,
,4,4,D,,LAOC,1,12.6,92,,,,,,,,,,,3,,,,,,
,5,1,L,,PSME,1,8,59,,,7,,,65,40,,13,, ,,,,,,
,5,2,L,,PSME,1,10.8,71,,,14,,,121,50,,16,, ,,,,,,
,5,3,L,,PSME,1,17.5,88,,,7,,,170,30,,18,, ,,,,,,
,5,4,L,,PSME,1,11.7,74,,,6,,,124,20,,13,, ,,,,,,
,5,5,L,,PSME,1,22,94,,,9,,,185,40,,22,, ,,,,,,
,5,6,L,,PSME,1,10.5,70,,,4,,,119,20,,12,, ,,,,,,
,5,7,L,,PSME,1,13,78,,,5,,,130,30,,16,, ,,,,,,
,5,8,L,,PSME,1,16.8,86,,,4,,,146,30,,18,, ,,,,,,
,5,9,L,,PSME,1,19.5,91,,,5,,,157,40,,21,, ,,,,,,
,6,1,L,,PSME,1,13.3,79,,,6,,,138,30,,16,, ,,,,,,
,6,2,L,,PSME,1,16.5,86,,,4,,,168,30,,18,, ,,,,,,
,6,3,L,,PSME,1,21.1,93,,,3,,,161,40,,22,, ,,,,,,
,6,4,L,,PSME,1,15.1,83,,,7,,,139,40,,18,, ,,,,,,
,7,1,D,,PSME,1,21,93,,,,,,,,,,,5,,,,,,
,7,2,L,,ABGR,1,9.3,72,,,12,,,97,30,,15,, ,,,,,,
,7,3,L,,ABGR,1,5.2,44,,,5,,,63,20,,10,, ,,,,,,
,7,4,D,,PSME,1,22,94,,,,,,,,,,,5,,,,,,
,7,5,L,,PSME,1,17.4,87,,,7,,,165,30,,18,, ,,,,,,
 ,,,,,,,,,,,,,,,,,,,,,,,,,
Setting Id:,'01140442040122',,,Measurement Number:,1,Measurement Date:,Aug-14-2023,,Proc Region:,01,,Proc Forest:,14,,Admin Forest:,14,,District:,04,,Location:,4204,,Stand:,0122
,Plot,Tag,Tree,Tree,Species,Tree,,,Height to,Height to,Radial,Radial,Height,Tree,Crown,Crown,Crown,Wildlife,Log/Snag,Treatment,,,,,
,Number,No.,Status,Class,Symbol,Count,Diameter,Height ,Crown,Break,Growth,Growth2,Growth,Age,Ratio,Class,Width,Use,Decay,Option,,,,,
 ,,,,,,,,,,,,,,,,,,,,,,,,,
,1,1,D,,PSME,1,14,80,,,,,,,,,,,4,,,,,,
,1,2,D,,PSME,1,9,64,,,,,,,,,,,3,,,,,,
,1,3,D,,PSME,1,11,72,,,,,,,,,,,5,,,,,,
,1,4,L,,PSME,1,21.6,94,,,5,,,146,40,,22,, ,,,,,,
,1,5,L,,PSME,1,19,90,,,6,,,133,30,,19,, ,,,,,,
,1,6,L,,PSME,1,20.8,93,,,7,,,140,30,,20,, ,,,,,,
,1,7,L,,ABGR,2,1.5,6,,,,,,,90,,5,, ,,,,,,
,2,1,L,,LAOC,1,20.5,110,,,8,,,210,60,,22,, ,,,,,,
,2,2,D,,LAOC,1,18,106,,,,,,,,,,,4,,,,,,
,2,3,L,,ABLA,1,9.2,60,,,8,,,79,80,,12,, ,,,,,,
,2,4,L,,LAOC,1,23.4,114,,,11,,,118,60,,24,, ,,,,,,
,2,5,L,,LAOC,1,19.1,108,,,5,,,169,50,,20,, ,,,,,,
,2,6,L,,PSME,1,25,98,,,9,,,160,40,,24,, ,,,,,,
,2,7,L,,PSME,1,8.9,64,,,3,,,78,10,,9,, ,,,,,,
,3,1,L,,ABGR,1,9.3,72,,,9,,,59,80,,18,, ,,,,,,
,3,2,D,,PSME,1,15,83,,,,,,,,,,,4,,,,,,
,3,3,D,,ABGR,1,13,87,,,,,,,,,,,2,,,,,,
,3,4,L,,LAOC,1,25.3,116,,,5,,,258,50,,24,, ,,,,,,
,4,1,L,,PSME,1,18.6,90,,,8,,,153,50,,22,, ,,,,,,
,4,2,L,,PSME,1,18.1,89,,,7,,,129,40,,20,, ,,,,,,
,4,3,D,,PSME,1,20.2,92,,,,,,,,,,,4,,,,,,
,4,4,L,,PSME,1,15.2,83,,,6,,,117,4,,18,, ,,,,,,
,4,5,D,,PSME,1,21.7,94,,,,,,,,,,,5,,,,,,
,4,6,D,,PSME,1,25,98,,,,,,,,,,,4,,,,,,
,5,1,L,,PSME,1,6.5,51,,,2,,,96,10,,8,, ,,,,,,
,5,2,L,,PSME,1,11.5,73,,,3,,,101,30,,15,, ,,,,,,
,5,3,L,,PSME,1,21.9,94,,,3,,,129,30,,21,, ,,,,,,
,5,4,L,,PSME,1,16.2,85,,,6,,,121,40,,19,, ,,,,,,
,5,5,L,,ABGR,1,1.6,22,,,,,,,90,,7,, ,,,,,,
,5,6,L,,PSME,1,2.5,40,,,,,,,40,,7,, ,,,,,,
,6,1,L,,PSME,1,21.1,93,,,5,,,129,50,,23,, ,,,,,,
,6,2,L,,PIPO,1,25.4,102,,,10,,,177,40,,22,, ,,,,,,
,6,3,L,,PSME,1,14.3,81,,,4,,,147,20,,15,, ,,,,,,
,6,4,D,,PSME,1,30,102,,,,,,,,,,,1,,,,,,
,6,5,D,,PSME,1,15,83,,,,,,,,,,,3,,,,,,
,6,6,D,,PSME,1,25,98,,,,,,,,,,,4,,,,,,
,7,1,D,,PSME,1,5.4,44,,,,,,,,,,,1,,,,,,
,7,2,L,,PSME,1,7.6,57,,,5,,,75,10,,9,, ,,,,,,
,7,3,L,,PIPO,1,33,110,,,5,,,300,40,,27,, ,,,,,,
,7,4,L,,PICO,1,9.4,65,,,4,,,118,20,,9,, ,,,,,,
,7,5,L,,PIPO,1,8.6,57,,,7,,,78,10,,9,, ,,,,,,
,7,6,L,,PSME,1,7.2,55,,,3,,,83,10,,8,, ,,,,,,
,7,7,L,,PSME,1,10.1,68,,,4,,,95,30,,14,, ,,,,,,
,7,8,L,,PSME,1,11.8,74,,,7,,,102,30,,15,, ,,,,,,
,7,9,L,,PSME,1,12.4,76,,,5,,,78,20,,14,, ,,,,,,
,7,10,L,,PIPO,1,25.9,102,,,15,,,216,40,,23,, ,,,,,,
 ,,,,,,,,,,,,,,,,,,,,,,,,,
Setting Id:,'01140442040125',,,Measurement Number:,1,Measurement Date:,Aug-07-2023,,Proc Region:,01,,Proc Forest:,14,,Admin Forest:,14,,District:,04,,Location:,4204,,Stand:,0125
,Plot,Tag,Tree,Tree,Species,Tree,,,Height to,Height to,Radial,Radial,Height,Tree,Crown,Crown,Crown,Wildlife,Log/Snag,Treatment,,,,,
,Number,No.,Status,Class,Symbol,Count,Diameter,Height ,Crown,Break,Growth,Growth2,Growth,Age,Ratio,Class,Width,Use,Decay,Option,,,,,
 ,,,,,,,,,,,,,,,,,,,,,,,,,
,1,,,,,,,,,,,,,,,,,, ,,,,,,
,2,1,L,,PSME,1,20.5,92,,,5,,,215,40,,21,, ,,,,,,
,2,2,L,,PIPO,1,16.6,86,,,3,,,103,20,,15,, ,,,,,,
,2,3,L,,PSME,1,13.8,80,,,6,,,83,30,,16,, ,,,,,,
,2,4,L,,PSME,1,11.5,73,,,6,,,93,20,,13,, ,,,,,,
,2,5,L,,PIPO,1,7.8,52,,,4,,,77,30,,10,, ,,,,,,
,4,,,,,,,,,,,,,,,,,, ,,,,,,
,5,1,L,,PSME,1,7.2,55,,,3,,,84,15,,9,, ,,,,,,
,5,2,D,,PSME,1,14,80,,,,,,,,,,,4,,,,,,
,6,1,L,,PSME,1,8.7,63,,,4,,,83,30,,13,, ,,,,,,
,6,2,L,,PIPO,1,43,116,,,4,,,330,70,,35,, ,,,,,,
,6,3,L,,PSME,1,13.7,80,,,9,,,100,60,,19,, ,,,,,,
,6,4,L,,PIPO,1,24.6,101,,,4,,,160,70,,24,, ,,,,,,
,6,5,L,,PSME,1,6.5,51,,,6,,,59,30,,11,, ,,,,,,
,6,6,L,,PSME,1,11.7,74,,,4,,,95,40,,16,, ,,,,,,
,8,1,D,,PIPO,1,25,101,,,,,,,,,,,3,,,,,,
,8,2,L,,PIPO,1,23.6,99,,,4,,,385,30,,20,, ,,,,,,
,8,3,L,,PSME,1,1.8,8,,,,,,,20,,4,, ,,,,,,
,9,1,L,,PSME,1,20.1,92,,,4,,,170,60,,24,, ,,,,,,
,9,2,D,,PSME,1,12.4,76,,,,,,,,,,,4,,,,,,
,9,3,D,,PSME,1,12.2,76,,,,,,,,,,,2,,,,,,
,9,4,D,,PSME,1,8.6,62,,,,,,,,,,,2,,,,,,
,9,5,D,,PSME,1,18.4,89,,,,,,,,,,,1,,,,,,
,9,6,D,,PSME,1,20.2,92,,,,,,,,,,,1,,,,,,
,9,7,D,,PSME,1,22.3,95,,,,,,,,,,,1,,,,,,
,11,1,L,,PSME,1,26.1,99,,,5,,,149,50,,26,, ,,,,,,
,12,1,D,,PIPO,1,26.2,103,,,,,,,,,,,2,,,,,,
,12,2,L,,PSME,1,21.3,93,,,6,,,167,60,,24,, ,,,,,,
,12,3,D,,PSME,1,17.2,87,,,,,,,,,,,1,,,,,,
,12,4,L,,PIPO,1,12,72,,,6,,,115,20,,12,, ,,,,,,
,12,5,L,,PSME,1,22.1,94,,,4,,,162,60,,25,, ,,,,,,
,12,6,L,,PIPO,1,18.6,90,,,8,,,149,60,,20,, ,,,,,,
,12,7,L,,PIPO,1,17.1,87,,,10,,,155,50,,18,, ,,,,,,
,13,1,L,,PSME,1,15.8,84,,,4,,,140,40,,19,, ,,,,,,
,13,2,L,,PSME,1,26.4,99,,,5,,,195,40,,24,, ,,,,,,
,13,3,L,,PSME,1,19.6,91,,,7,,,149,80,,25,, ,,,,,,
,13,4,L,,PIPO,1,16.8,86,,,5,,,142,60,,19,, ,,,,,,
,13,5,L,,PSME,1,19.8,91,,,5,,,165,50,,22,, ,,,,,,
,13,6,L,,PIPO,1,14.7,81,,,5,,,128,60,,17,, ,,,,,,
,13,7,L,,PIPO,1,37,113,,,5,,,302,70,,32,, ,,,,,,
,13,8,L,,PIPO,1,24.3,100,,,9,,,235,50,,23,, ,,,,,,
,14,,,,,,,,,,,,,,,,,, ,,,,,,
,15,1,D,,PSME,1,20.2,92,,,,,,,,,,,1,,,,,,
,15,2,D,,PSME,1,19.4,91,,,,,,,,,,,5,,,,,,
,15,3,L,,PSME,1,6.4,51,,,4,,,52,70,,13,, ,,,,,,
,15,4,L,,PSME,1,5.2,43,,,7,,,50,80,,12,, ,,,,,,
,15,5,L,,PSME,1,6,48,,,7,,,56,80,,13,, ,,,,,,
,15,6,L,,PIPO,1,22.9,98,,,6,,,184,30,,20,, ,,,,,,
,15,7,L,,PIPO,1,20.3,94,,,4,,,180,60,,21,, ,,,,,,
,15,8,D,,PSME,1,16.5,86,,,,,,,,,,,1,,,,,,
,15,9,L,,PSME,2,1.9,14,,,,,,,30,,5,, ,,,,,,
,16,1,L,,PIPO,1,24.9,101,,,9,,,210,40,,22,, ,,,,,,
,16,2,L,,PSME,1,13,78,,,8,,,51,60,,19,, ,,,,,,
,16,3,L,,PIPO,1,28.4,105,,,16,,,249,70,,27,, ,,,,,,
 ,,,,,,,,,,,,,,,,,,,,,,,,,
Setting Id:,'01140442040128',,,Measurement Number:,1,Measurement Date:,Aug-14-2023,,Proc Region:,01,,Proc Forest:,14,,Admin Forest:,14,,District:,04,,Location:,4204,,Stand:,0128
,Plot,Tag,Tree,Tree,Species,Tree,,,Height to,Height to,Radial,Radial,Height,Tree,Crown,Crown,Crown,Wildlife,Log/Snag,Treatment,,,,,
,Number,No.,Status,Class,Symbol,Count,Diameter,Height ,Crown,Break,Growth,Growth2,Growth,Age,Ratio,Class,Width,Use,Decay,Option,,,,,
 ,,,,,,,,,,,,,,,,,,,,,,,,,
,1,1,L,,TSHE,1,18.7,100,,,13,,,117,40,,25,, ,,,,,,
,1,2,L,,THPL,1,12.8,77,,,4,,,125,30,,16,, ,,,,,,
,1,3,L,,LAOC,1,22.6,113,,,5,,,168,30,,20,, ,,,,,,
,1,4,L,,TSHE,1,18.2,99,,,9,,,123,40,,24,, ,,,,,,
,1,5,L,,TSHE,1,17,96,,,5,,,120,20,,20,, ,,,,,,
,1,6,L,,TSHE,1,13.1,85,,,7,,,72,20,,18,, ,,,,,,
,1,7,L,,TSHE,1,16.5,95,,,8,,,118,30,,22,, ,,,,,,
,1,8,L,,THPL,3,1,5,,,,,,,10,,4,, ,,,,,,
,2,1,L,,TSHE,1,16.4,95,,,7,,,145,20,,20,, ,,,,,,
,2,2,L,,LAOC,1,15.8,101,,,5,,,149,30,,16,, ,,,,,,
,2,3,L,,TSHE,1,7.5,60,,,3,,,53,10,,11,, ,,,,,,
,2,4,L,,TSHE,1,8.9,68,,,3,,,95,10,,12,, ,,,,,,
,2,5,L,,PSME,1,12.9,78,,,8,,,162,15,,13,, ,,,,,,
,2,6,L,,TSHE,1,9.4,70,,,5,,,97,10,,13,, ,,,,,,
,3,1,D,,LAOC,1,29.6,120,,,,,,,,,,,3,,,,,,
,3,2,L,,LAOC,1,20,109,,,4,,,145,15,,16,, ,,,,,,
,3,3,L,,THPL,1,19.9,94,,,4,,,117,20,,17,, ,,,,,,
,3,4,L,,THPL,1,23.2,99,,,6,,,136,20,,18,, ,,,,,,
,3,5,L,,THPL,1,23.5,99,,,5,,,130,30,,20,, ,,,,,,
,3,6,L,,ABGR,1,1.3,17,,,,,,,5,,5,, ,,,,,,
,4,1,L,,THPL,1,22.8,98,,,5,,,115,40,,21,, ,,,,,,
,4,2,L,,TSHE,1,32,117,,,4,,,141,30,,29,, ,,,,,,
,4,3,L,,THPL,1,20.1,94,,,6,,,131,50,,22,, ,,,,,,
,4,4,L,,THPL,1,30.7,107,,,5,,,165,50,,24,, ,,,,,,
,4,5,L,,ABGR,1,1,5,,,,,,,20,,3,, ,,,,,,
,5,1,L,,THPL,1,15.1,84,,,10,,,157,30,,17,, ,,,,,,
,5,2,L,,THPL,1,14.8,83,,,10,,,117,30,,17,, ,,,,,,
,5,3,L,,PSME,1,22.8,95,,,5,,,136,35,,22,, ,,,,,,
,5,4,L,,THPL,1,22,97,,,8,,,134,40,,21,, ,,,,,,
,5,5,L,,TSHE,1,23.3,108,,,12,,,142,50,,29,, ,,,,,,
,5,6,D,,LAOC,1,18.7,107,,,,,,,,,,,5,,,,,,
,5,7,L,,THPL,1,15.7,85,,,7,,,125,30,,18,, ,,,,,,
,6,1,D,,LAOC,1,15.4,100,,,,,,,,,,,2,,,,,,
,6,2,D,,LAOC,1,10.2,83,,,,,,,,,,,5,,,,,,
,6,3,L,,THPL,1,15.1,84,,,5,,,132,40,,19,, ,,,,,,
,6,4,L,,TSHE,1,14.7,90,,,5,,,187,20,,19,, ,,,,,,
,6,5,L,,TSHE,1,9.7,72,,,5,,,98,30,,17,, ,,,,,,
,6,6,L,,TSHE,1,16.9,96,,,5,,,87,30,,22,, ,,,,,,
,6,7,L,,TSHE,1,18.3,99,,,10,,,145,50,,26,, ,,,,,,
,6,8,L,,THPL,5,1.5,5,,,,,,,30,,5,, ,,,,,,
,7,1,L,,THPL,1,15.8,86,,,3,,,111,40,,19,, ,,,,,,
,7,2,L,,TSHE,1,17.1,96,,,7,,,132,25,,21,, ,,,,,,
,7,3,L,,LAOC,1,18.7,107,,,3,,,146,30,,18,, ,,,,,,
 ,,,,,,,,,,,,,,,,,,,,,,,,,
Setting Id:,'01140442040157',,,Measurement Number:,1,Measurement Date:,Aug-08-2023,,Proc Region:,01,,Proc Forest:,14,,Admin Forest:,14,,District:,04,,Location:,4204,,Stand:,0157
,Plot,Tag,Tree,Tree,Species,Tree,,,Height to,Height to,Radial,Radial,Height,Tree,Crown,Crown,Crown,Wildlife,Log/Snag,Treatment,,,,,
,Number,No.,Status,Class,Symbol,Count,Diameter,Height ,Crown,Break,Growth,Growth2,Growth,Age,Ratio,Class,Width,Use,Decay,Option,,,,,
 ,,,,,,,,,,,,,,,,,,,,,,,,,
,1,1,L,,THPL,1,18.9,92,,,10,,,70,80,,24,, ,,,,,,
,1,2,L,,PICO,1,13.4,75,,,6,,,75,30,,13,, ,,,,,,
,1,3,L,,THPL,1,14.6,83,,,18,,,62,70,,21,, ,,,,,,
,1,4,L,,LAOC,1,19.9,109,,,4,,,151,40,,20,, ,,,,,,
,2,1,L,,PSME,1,16.8,86,,,14,,,162,50,,21,, ,,,,,,
,2,2,L,,PSME,1,13.6,79,,,5,,,210,30,,16,, ,,,,,,
,2,3,L,,PSME,1,16.5,86,,,4,,,130,30,,18,, ,,,,,,
,2,4,L,,PSME,1,20.8,93,,,5,,,192,30,,20,, ,,,,,,
,3,1,L,,PIMO3,1,20.3,122,,,7,,,104,30,,15,, ,,,,,,
,3,2,L,,LAOC,1,18.4,106,,,4,,,178,30,,18,, ,,,,,,
,3,3,L,,ABGR,9,1.3,9,,,,,,,30,,4,, ,,,,,,
,4,1,L,,PSME,1,16.1,85,,,4,,,105,30,,18,, ,,,,,,
,4,2,D,,PSME,1,16,85,,,,,,,,,,,2,,,,,,
,4,3,L,,PSME,1,16.1,85,,,5,,,127,30,,18,, ,,,,,,
,4,4,L,,PSME,1,18.8,90,,,8,,,143,40,,21,, ,,,,,,
,4,5,L,,PSME,1,28.7,101,,,5,,,157,50,,27,, ,,,,,,
,5,1,D,,LAOC,1,11,87,,,,,,,,,,,4,,,,,,
,5,2,L,,LAOC,1,21,111,,,3,,,192,50,,22,, ,,,,,,
,5,3,L,,PSME,1,9.5,66,,,5,,,71,30,,13,, ,,,,,,
,5,4,L,,PSME,1,15.3,83,,,5,,,91,30,,17,, ,,,,,,
,5,5,L,,PSME,1,13.8,80,,,10,,,114,40,,17,, ,,,,,,
,5,6,L,,PSME,1,10.3,69,,,4,,,94,30,,14,, ,,,,,,
,5,7,L,,ABGR,1,1.2,14,,,,,,,50,,5,, ,,,,,,
,5,8,L,,TSHE,1,1.3,5,,,,,,,40,,5,, ,,,,,,
,6,1,L,,PSME,1,18,89,,,6,,,149,40,,20,, ,,,,,,
,6,2,L,,PSME,1,19.1,90,,,8,,,184,50,,22,, ,,,,,,
,6,3,L,,PSME,1,15.6,84,,,9,,,124,40,,19,, ,,,,,,
,6,4,L,,PSME,1,7.3,56,,,7,,,56,30,,11,, ,,,,,,
,7,1,L,,LAOC,1,21.2,111,,,3,,,104,50,,22,, ,,,,,,
,7,2,L,,LAOC,1,16,102,,,3,,,158,30,,16,, ,,,,,,
,7,3,D,,ABGR,1,19,103,,,,,,,,,,,3,,,,,,
,7,4,D,,LAOC,1,19,108,,,,,,,,,,,5,,,,,,
,7,5,L,,ABGR,6,1.5,10,,,,,,,80,,6,, ,,,,,,
,8,1,D,,PSME,1,10,68,,,,,,,,,,,3,,,,,,
,9,1,L,,LAOC,1,17.5,105,,,10,,,165,40,,18,, ,,,,,,
,9,2,L,,LAOC,1,16.9,103,,,5,,,158,30,,17,, ,,,,,,
,10,1,L,,PSME,1,7.4,56,,,8,,,27,40,,12,, ,,,,,,
,10,2,L,,PSME,1,9.3,65,,,8,,,88,40,,14,, ,,,,,,
,10,3,L,,PSME,1,26.4,99,,,5,,,158,60,,27,, ,,,,,,
,10,4,L,,PIPO,1,25.1,101,,,6,,,126,40,,22,, ,,,,,,
,10,5,L,,PSME,1,11.4,73,,,10,,,100,40,,16,, ,,,,,,
,10,6,L,,PSME,1,2,11,,,,,,,20,,5,, ,,,,,,
 ,,,,,,,,,,,,,,,,,,,,,,,,,
Setting Id:,'01140442040166',,,Measurement Number:,1,Measurement Date:,Aug-07-2023,,Proc Region:,01,,Proc Forest:,14,,Admin Forest:,14,,District:,04,,Location:,4204,,Stand:,0166
,Plot,Tag,Tree,Tree,Species,Tree,,,Height to,Height to,Radial,Radial,Height,Tree,Crown,Crown,Crown,Wildlife,Log/Snag,Treatment,,,,,
,Number,No.,Status,Class,Symbol,Count,Diameter,Height ,Crown,Break,Growth,Growth2,Growth,Age,Ratio,Class,Width,Use,Decay,Option,,,,,
 ,,,,,,,,,,,,,,,,,,,,,,,,,
,1,1,L,,PSME,1,18.9,90,,,8,,,126,60,,23,, ,,,,,,
,1,2,D,,PSME,1,18,89,,,,,,,,,,,5,,,,,,
,1,3,L,,PSME,1,11.7,74,,,9,,,134,80,,19,, ,,,,,,
,1,4,L,,PSME,1,8.1,60,,,5,,,92,30,,12,, ,,,,,,
,1,5,D,,PSME,1,22.2,95,,,,,,,,,,,5,,,,,,
,2,1,L,,PSME,1,19,90,,,10,,,152,60,,23,, ,,,,,,
,2,2,L,,PSME,1,9.6,67,,,4,,,72,30,,13,, ,,,,,,
,2,3,L,,PSME,1,23,96,,,7,,,161,60,,25,, ,,,,,,
,2,4,L,,PSME,1,15.7,84,,,8,,,118,50,,20,, ,,,,,,
,2,5,L,,PSME,1,18.9,90,,,4,,,129,50,,22,, ,,,,,,
,2,6,D,,PSME,1,14.2,81,,,,,,,,,,,1,,,,,,
,2,7,D,,PSME,1,16.6,86,,,,,,,,,,,1,,,,,,
,2,8,L,,LAOC,1,13.8,96,,,8,,,144,60,,17,, ,,,,,,
,2,9,L,,PSME,1,14.6,82,,,11,,,138,60,,20,, ,,,,,,
,3,1,L,,LAOC,1,18.6,107,,,10,,,166,40,,19,, ,,,,,,
,3,2,D,,LAOC,1,10.3,84,,,,,,,,,,,2,,,,,,
,3,3,L,,PSME,1,14.7,82,,,7,,,68,60,,20,, ,,,,,,
,3,4,L,,PSME,1,12.8,77,,,10,,,108,50,,18,, ,,,,,,
,3,5,L,,PSME,1,11.6,74,,,4,,,104,20,,13,, ,,,,,,
,4,1,D,,ABGR,1,14,91,,,,,,,,,,,2,,,,,,
,4,2,L,,PSME,1,31.4,103,,,3,,,146,40,,27,, ,,,,,,
,4,3,L,,LAOC,1,15.1,99,,,7,,,112,40,,17,, ,,,,,,
,4,4,L,,ABGR,3,1.2,5,,,,,,,30,,4,, ,,,,,,
,5,1,L,,PSME,1,15.9,85,,,5,,,124,40,,19,, ,,,,,,
,5,2,L,,LAOC,1,21.4,111,,,8,,,213,30,,20,, ,,,,,,
,5,3,L,,PSME,1,12.3,76,,,5,,,89,50,,17,, ,,,,,,
,5,4,L,,PIPO,1,32.7,109,,,5,,,337,30,,25,, ,,,,,,
,5,5,L,,ABGR,1,3.5,40,,,5,,,14,30,,9,, ,,,,,,
,6,1,L,,PSME,1,20.3,92,,,4,,,149,30,,20,, ,,,,,,
,6,2,D,,LAOC,1,11,87,,,,,,,,,,,2,,,,,,
,6,3,L,,ABGR,1,5.5,47,,,3,,,37,10,,9,, ,,,,,,
,6,4,L,,ABGR,1,8.8,69,,,6,,,75,40,,15,, ,,,,,,
,6,5,D,,ABGR,1,9,70,,,,,,,,,,,2,,,,,,
,6,6,L,,PSME,1,19.2,90,,,5,,,130,10,,14,, ,,,,,,
,7,1,D,,PSME,1,22,94,,,,,,,,,,,5,,,,,,
,7,2,L,,ABGR,1,11.2,80,,,7,,,102,15,,14,, ,,,,,,
,7,3,D,,PSME,1,23,96,,,,,,,,,,,2,,,,,,
,7,4,L,,ABGR,1,8.8,69,,,6,,,75,10,,11,, ,,,,,,
,7,5,L,,ABGR,1,17.2,99,,,12,,,172,30,,20,, ,,,,,,
 ,,,,,,,,,,,,,,,,,,,,,,,,,
Setting Id:,'01140445040139',,,Measurement Number:,1,Measurement Date:,Aug-02-2023,,Proc Region:,01,,Proc Forest:,14,,Admin Forest:,14,,District:,04,,Location:,4504,,Stand:,0139
,Plot,Tag,Tree,Tree,Species,Tree,,,Height to,Height to,Radial,Radial,Height,Tree,Crown,Crown,Crown,Wildlife,Log/Snag,Treatment,,,,,
,Number,No.,Status,Class,Symbol,Count,Diameter,Height ,Crown,Break,Growth,Growth2,Growth,Age,Ratio,Class,Width,Use,Decay,Option,,,,,
 ,,,,,,,,,,,,,,,,,,,,,,,,,
,1,1,D,,PSME,1,30,102,,,,,,,,,,,4,,,,,,
,1,2,L,,ABGR,1,10.4,77,,,6,,,75,60,,18,, ,,,,,,
,1,3,L,,PSME,1,24.6,97,,,4,,,164,30,,22,, ,,,,,,
,1,4,D,,ABGR,1,24,112,,,,,,,,,,,5,,,,,,
,1,5,L,,ABGR,1,2,12,,,,,,,30,,6,, ,,,,,,
,2,1,L,,LAOC,1,32.3,122,,,8,,,240,50,,28,, ,,,,,,
,2,2,L,,THPL,1,29.9,106,,,2,,,340,30,,21,, ,,,,,,
,2,3,L,,TSHE,1,15.8,93,,,7,,,270,30,,21,, ,,,,,,
,2,4,L,,THPL,1,20,94,,,6,,,132,60,,23,, ,,,,,,
,2,5,L,,THPL,1,26.5,103,,,9,,,231,60,,24,, ,,,,,,
,2,6,L,,ABGR,1,28.2,117,,,6,,,161,60,,29,, ,,,,,,
,2,7,L,,TSHE,1,6.4,52,,,14,,,68,60,,16,, ,,,,,,
,2,8,L,,PSME,1,21.4,94,,,5,,,150,30,,20,, ,,,,,,
,3,1,L,,THPL,1,28,105,,,15,,,191,90,,28,, ,,,,,,
,3,2,L,,THPL,1,15,84,,,8,,,71,80,,22,, ,,,,,,
,3,3,L,,THPL,1,21.4,96,,,11,,,153,70,,24,, ,,,,,,
,3,4,L,,THPL,1,22.6,98,,,19,,,172,80,,25,, ,,,,,,
,3,5,D,,ABGR,1,19,103,,,,,,,,,,,5,,,,,,
,3,6,L,,PSME,1,22.8,95,,,4,,,186,30,,21,, ,,,,,,
,3,7,L,,THPL,1,21.7,97,,,6,,,158,50,,22,, ,,,,,,
,3,8,L,,ABGR,1,1,5,,,,,,,20,,3,, ,,,,,,
,4,1,D,,ABGR,1,20,105,,,,,,,,,,,4,,,,,,
,4,2,D,,TSHE,1,6.5,53,,,,,,,,,,,2,,,,,,
,4,3,D,,PSME,1,20,92,,,,,,,,,,,3,,,,,,
,4,4,D,,ABGR,1,19,103,,,,,,,,,,,5,,,,,,
,4,5,L,,ABGR,1,19.7,105,,,6,,,129,50,,23,, ,,,,,,
,4,6,D,,ABGR,1,18,101,,,,,,,,,,,4,,,,,,
,5,1,D,,ABGR,1,17,99,,,,,,,,,,,5,,,,,,
,5,2,L,,THPL,1,17.3,89,,,11,,,82,80,,23,, ,,,,,,
,5,3,L,,TSHE,1,5.3,44,,,10,,,51,90,,16,, ,,,,,,
,5,4,L,,ABGR,1,1,5,,,,,,,30,,4,, ,,,,,,
,5,5,L,,TSHE,1,1,5,,,,,,,40,,5,, ,,,,,,
,6,1,D,,ABGR,1,12,84,,,,,,,,,,,1,,,,,,
,6,2,L,,ABGR,1,18.5,102,,,8,,,101,80,,25,, ,,,,,,
,6,3,D,,ABGR,1,11,80,,,,,,,,,,,2,,,,,,
,6,4,L,,ABGR,1,18.2,102,,,8,,,112,80,,25,, ,,,,,,
,6,5,D,,ABGR,1,16,96,,,,,,,,,,,2,,,,,,
,6,6,L,,PSME,1,20.5,92,,,7,,,104,30,,20,, ,,,,,,
,7,1,D,,ABGR,1,7,58,,,,,,,,,,,1,,,,,,
,7,2,L,,PSME,1,15.3,83,,,5,,,128,30,,17,, ,,,,,,
,7,3,L,,PSME,1,27,100,,,5,,,175,30,,23,, ,,,,,,
,7,4,L,,PSME,1,30.1,102,,,6,,,168,30,,24,, ,,,,,,
,7,5,L,,PSME,1,17.3,87,,,5,,,137,40,,20,, ,,,,,,
,7,6,L,,PSME,1,25.4,98,,,8,,,157,50,,26,, ,,,,,,
,7,7,L,,PSME,1,33.5,104,,,5,,,158,50,,29,, ,,,,,,
,7,8,L,,ABGR,1,1.5,6,,,,,,,10,,3,, ,,,,,,
 ,,,,,,,,,,,,,,,,,,,,,,,,,
Setting Id:,'01140445040140',,,Measurement Number:,1,Measurement Date:,Aug-14-2023,,Proc Region:,01,,Proc Forest:,14,,Admin Forest:,14,,District:,04,,Location:,4504,,Stand:,0140
,Plot,Tag,Tree,Tree,Species,Tree,,,Height to,Height to,Radial,Radial,Height,Tree,Crown,Crown,Crown,Wildlife,Log/Snag,Treatment,,,,,
,Number,No.,Status,Class,Symbol,Count,Diameter,Height ,Crown,Break,Growth,Growth2,Growth,Age,Ratio,Class,Width,Use,Decay,Option,,,,,
 ,,,,,,,,,,,,,,,,,,,,,,,,,
,1,1,L,,PSME,1,20.3,92,,,6,,,89,30,,20,, ,,,,,,
,1,2,L,,ABGR,1,13.7,90,,,7,,,53,40,,19,, ,,,,,,
,1,3,L,,LAOC,1,22.7,113,,,4,,,157,30,,20,, ,,,,,,
,1,4,L,,LAOC,1,15,99,,,9,,,60,30,,16,, ,,,,,,
,1,5,L,,ABGR,4,1.5,5,,,,,,,65,,5,, ,,,,,,
,2,1,L,,THPL,1,22.7,98,,,12,,,96,80,,25,, ,,,,,,
,2,2,L,,THPL,1,22.8,98,,,8,,,127,80,,25,, ,,,,,,
,2,3,L,,ABGR,1,10.5,77,,,8,,,68,70,,18,, ,,,,,,
,2,4,L,,ABGR,1,17.5,100,,,16,,,58,80,,24,, ,,,,,,
,2,5,L,,THPL,1,15.3,84,,,19,,,89,80,,23,, ,,,,,,
,2,6,L,,THPL,1,1.3,6,,,,,,,24,,5,, ,,,,,,
,3,1,L,,PSME,1,22.9,95,,,7,,,87,30,,21,, ,,,,,,
,3,2,L,,ABGR,1,9.7,74,,,7,,,62,60,,17,, ,,,,,,
,3,3,L,,THPL,1,23.2,99,,,14,,,115,80,,25,, ,,,,,,
,3,4,L,,ABGR,1,24,112,,,18,,,84,80,,28,, ,,,,,,
,3,5,L,,PSME,1,19.8,91,,,6,,,108,30,,19,, ,,,,,,
,3,6,L,,ABGR,3,1.4,5,,,,,,,43,,4,, ,,,,,,
,4,1,L,,THPL,1,12,75,,,4,,,99,20,,14,, ,,,,,,
,4,2,L,,THPL,1,7.7,55,,,5,,,54,10,,10,, ,,,,,,
,4,3,L,,ABGR,1,29.4,118,,,6,,,111,70,,30,, ,,,,,,
,4,4,L,,THPL,1,13.6,80,,,12,,,81,40,,18,, ,,,,,,
,4,5,L,,THPL,1,20.6,95,,,8,,,145,50,,22,, ,,,,,,
,4,6,L,,TSHE,3,1.4,5,,,,,,,37,,5,, ,,,,,,
,4,7,L,,ABGR,13,1.4,13,,,,,,,22,,5,, ,,,,,,
,5,1,D,,ABGR,1,13,87,,,,,,,,,,,3,,,,,,
,5,2,D,,ABGR,1,22,109,,,,,,,,,,,3,,,,,,
,5,3,D,,LAOC,1,8,73,,,,,,,,,,,4,,,,,,
,5,4,L,,ABGR,1,15.3,94,,,4,,,88,30,,19,, ,,,,,,
,5,5,L,,LAOC,1,17.7,105,,,5,,,94,40,,18,, ,,,,,,
,5,6,L,,ABGR,3,1.7,5,,,,,,,29,,4,, ,,,,,,
,5,7,L,,TSHE,2,0.8,5,,,,,,,48,,5,, ,,,,,,
,6,1,D,,LAOC,1,17.8,105,,,,,,,,,,,4,,,,,,
,6,2,L,,TSHE,1,11.1,78,,,9,,,42,40,,19,, ,,,,,,
,6,3,L,,TSHE,1,13.5,87,,,7,,,68,50,,22,, ,,,,,,
,6,4,L,,THPL,1,7.4,54,,,4,,,34,30,,14,, ,,,,,,
,6,5,L,,THPL,1,12.7,77,,,4,,,77,60,,20,, ,,,,,,
,7,1,L,,THPL,1,13.4,79,,,10,,,74,90,,22,, ,,,,,,
,7,2,D,,ABGR,1,13,87,,,,,,,,,,,3,,,,,,
,7,3,L,,PSME,1,12.4,76,,,7,,,106,25,,14,, ,,,,,,
,7,4,L,,PSME,1,18.5,89,,,6,,,151,30,,19,, ,,,,,,
,7,5,D,,LAOC,1,10.5,85,,,,,,,,,,,3,,,,,,
 ,,,,,,,,,,,,,,,,,,,,,,,,,
Setting Id:,'01140445040143',,,Measurement Number:,1,Measurement Date:,Jul-24-2023,,Proc Region:,01,,Proc Forest:,14,,Admin Forest:,14,,District:,04,,Location:,4504,,Stand:,0143
,Plot,Tag,Tree,Tree,Species,Tree,,,Height to,Height to,Radial,Radial,Height,Tree,Crown,Crown,Crown,Wildlife,Log/Snag,Treatment,,,,,
,Number,No.,Status,Class,Symbol,Count,Diameter,Height ,Crown,Break,Growth,Growth2,Growth,Age,Ratio,Class,Width,Use,Decay,Option,,,,,
 ,,,,,,,,,,,,,,,,,,,,,,,,,
,1,1,L,,PICO,1,9.9,67,,,5,,,110,10,,8,, ,,,,,,
,1,2,D,,LAOC,1,10.1,83,,,,,,,,,,,2,,,,,,
,1,3,L,,PSME,1,14.6,82,,,3,,,99,10,,12,, ,,,,,,
,1,4,L,,PSME,1,15.8,84,,,8,,,96,30,,17,, ,,,,,,
,1,5,L,,PSME,1,7.8,58,,,5,,,52,30,,12,, ,,,,,,
,1,6,L,,PSME,1,12.6,77,,,3,,,84,10,,11,, ,,,,,,
,2,1,L,,PSME,1,21.6,94,,,9,,,140,30,,20,, ,,,,,,
,2,2,L,,PSME,1,27.1,100,,,4,,,170,50,,26,, ,,,,,,
,2,3,L,,PSME,1,15.4,84,,,3,,,146,20,,15,, ,,,,,,
,2,4,L,,PSME,1,23,96,,,3,,,154,20,,19,, ,,,,,,
,2,5,L,,PSME,1,13,78,,,6,,,138,20,,14,, ,,,,,,
,3,1,L,,PIPO,1,23.8,99,,,4,,,207,20,,19,, ,,,,,,
,3,2,L,,PSME,1,24.9,98,,,6,,,201,20,,20,, ,,,,,,
,3,3,D,,PSME,1,10.7,71,,,,,,,,,,,4,,,,,,
,3,4,L,,PSME,1,13,78,,,5,,,115,10,,12,, ,,,,,,
,3,5,D,,PSME,1,21.9,94,,,,,,,,,,,1,,,,,,
,3,6,L,,PIPO,1,28.8,106,,,3,,,244,50,,25,, ,,,,,,
,4,1,D,,PSME,1,17.2,87,,,,,,,,,,,3,,,,,,
,4,2,L,,PIPO,1,28.4,105,,,4,,,165,30,,23,, ,,,,,,
,4,3,L,,PSME,1,10.9,71,,,4,,,74,30,,14,, ,,,,,,
,4,4,L,,PSME,1,10.3,69,,,4,,,69,20,,12,, ,,,,,,
,4,5,L,,PICO,1,12.5,73,,,4,,,124,20,,11,, ,,,,,,
,4,6,L,,ABGR,8,1.5,5,,,,,,,40,,4,, ,,,,,,
,5,1,D,,ABGR,1,21,107,,,,,,,,,,,1,,,,,,
,5,2,L,,PSME,1,26.8,99,,,3,,,186,30,,23,, ,,,,,,
,5,3,L,,ABGR,1,13,87,,,14,,,45,40,,18,, ,,,,,,
,5,4,L,,PSME,1,15.9,85,,,3,,,71,30,,17,, ,,,,,,
,5,5,L,,ABGR,1,1,5,,,,,,,30,,4,, ,,,,,,
,6,1,D,,PSME,1,26.5,99,,,,,,,,,,,2,,,,,,
,6,2,D,,PSME,1,25.4,98,,,,,,,,,,,2,,,,,,
,6,3,L,,ABGR,1,15.8,96,,,16,,,70,90,,24,, ,,,,,,
,6,4,L,,PSME,1,12.5,76,,,5,,,75,20,,14,, ,,,,,,
,6,5,L,,ABGR,4,1.5,5,,,,,,,63,,5,, ,,,,,,
,7,1,L,,PSME,1,12.6,77,,,4,,,67,20,,14,, ,,,,,,
,7,2,L,,PSME,1,15.5,84,,,6,,,68,20,,15,, ,,,,,,
,7,3,L,,PSME,1,12.3,76,,,3,,,82,10,,11,, ,,,,,,
,7,4,L,,PSME,1,12.3,76,,,3,,,82,10,,11,, ,,,,,,
,7,5,L,,PSME,1,13.7,80,,,3,,,92,10,,12,, ,,,,,,
,7,6,L,,PSME,1,17.5,88,,,7,,,76,30,,18,, ,,,,,,
 ,,,,,,,,,,,,,,,,,,,,,,,,,
Setting Id:,'01140445040148',,,Measurement Number:,1,Measurement Date:,Jul-24-2023,,Proc Region:,01,,Proc Forest:,14,,Admin Forest:,14,,District:,04,,Location:,4504,,Stand:,0148
,Plot,Tag,Tree,Tree,Species,Tree,,,Height to,Height to,Radial,Radial,Height,Tree,Crown,Crown,Crown,Wildlife,Log/Snag,Treatment,,,,,
,Number,No.,Status,Class,Symbol,Count,Diameter,Height ,Crown,Break,Growth,Growth2,Growth,Age,Ratio,Class,Width,Use,Decay,Option,,,,,
 ,,,,,,,,,,,,,,,,,,,,,,,,,
,1,1,L,,LAOC,1,17.3,104,,,5,,,156,30,,17,, ,,,,,,
,1,2,L,,PSME,1,11.3,73,,,3,,,108,10,,11,, ,,,,,,
,1,3,L,,PSME,1,14.2,81,,,3,,,92,20,,15,, ,,,,,,
,1,4,L,,PSME,1,19.1,90,,,9,,,128,30,,19,, ,,,,,,
,1,5,L,,PSME,1,22.7,95,,,5,,,141,20,,19,, ,,,,,,
,1,6,L,,PSME,1,13,78,,,1,,,86,10,,12,, ,,,,,,
,1,7,L,,PSME,1,10.2,69,,,2,,,72,20,,12,, ,,,,,,
,2,1,D,,LAOC,1,17.2,104,,,,,,,,,,,4,,,,,,
,2,2,D,,PSME,1,18.1,89,,,,,,,,,,,5,,,,,,
,2,3,L,,LAOC,1,20.8,110,,,5,,,152,50,,21,, ,,,,,,
,3,1,L,,PSME,1,16.8,86,,,4,,,101,35,,19,, ,,,,,,
,3,2,D,,LAOC,1,17.5,105,,,,,,,,,,,4,,,,,,
,3,3,L,,PSME,1,10.5,70,,,3,,,86,15,,11,, ,,,,,,
,3,4,L,,PSME,1,30.9,103,,,8,,,196,50,,28,, ,,,,,,
,3,5,L,,PSME,1,13.7,80,,,10,,,89,25,,15,, ,,,,,,
,3,6,L,,PSME,1,17.5,88,,,6,,,108,30,,18,, ,,,,,,
,4,1,L,,PSME,1,17.1,87,,,8,,,138,40,,19,, ,,,,,,
,4,2,L,,PSME,1,23.3,96,,,11,,,105,40,,23,, ,,,,,,
,4,3,D,,LAOC,1,19.2,108,,,,,,,,,,,5,,,,,,
,4,4,L,,ABGR,1,14.8,93,,,9,,,103,60,,21,, ,,,,,,
,5,1,L,,PSME,1,11.5,73,,,2,,,90,20,,13,, ,,,,,,
,5,2,L,,PSME,1,17.5,88,,,3,,,97,20,,16,, ,,,,,,
,5,3,L,,PSME,1,13.3,79,,,4,,,87,20,,14,, ,,,,,,
,5,4,L,,PSME,1,17,87,,,6,,,106,30,,18,, ,,,,,,
,5,5,L,,PSME,1,16.3,85,,,5,,,102,40,,19,, ,,,,,,
,5,6,L,,PSME,1,9.5,66,,,5,,,68,30,,13,, ,,,,,,
,5,7,L,,PSME,1,16.7,86,,,4,,,104,20,,16,, ,,,,,,
,5,8,L,,PSME,1,17.9,88,,,6,,,100,30,,18,, ,,,,,,
,6,1,L,,PSME,1,15.2,83,,,3,,,103,20,,15,, ,,,,,,
,6,2,L,,PSME,1,11.7,74,,,4,,,78,20,,13,, ,,,,,,
,6,3,L,,PSME,1,18.4,89,,,9,,,127,30,,19,, ,,,,,,
,6,4,L,,PSME,1,14.4,81,,,4,,,93,30,,16,, ,,,,,,
,6,5,L,,PSME,1,16.1,85,,,5,,,101,30,,17,, ,,,,,,
,7,1,D,,ABGR,1,17.3,100,,,,,,,,,,,5,,,,,,
,7,2,L,,PSME,1,19.1,90,,,5,,,92,20,,17,, ,,,,,,
,7,3,L,,LAOC,1,11.8,90,,,5,,,109,20,,12,, ,,,,,,
,7,4,L,,PSME,1,14.6,82,,,6,,,89,30,,17,, ,,,,,,
,7,5,L,,LAOC,1,12,90,,,5,,,109,40,,14,, ,,,,,,
,7,6,D,,PSME,1,13.6,79,,,,,,,,,,,5,,,,,,
,8,1,L,,LAOC,1,19,108,,,7,,,140,30,,18,, ,,,,,,
,8,2,L,,ABGR,1,5.8,49,,,9,,,46,85,,14,, ,,,,,,
,8,3,L,,PSME,1,12.7,77,,,4,,,74,30,,15,, ,,,,,,
,8,4,L,,PSME,1,24.5,97,,,6,,,131,40,,23,, ,,,,,,
,8,5,D,,LAOC,1,19.2,108,,,,,,,,,,,3,,,,,,
,8,6,L,,PSME,1,10.6,70,,,6,,,74,30,,14,, ,,,,,,
,9,1,D,,PSME,1,16.2,85,,,,,,,,,,,2,,,,,,
,9,2,L,,PSME,1,19.6,91,,,2,,,165,30,,19,, ,,,,,,
,9,3,D,,ABGR,1,15.8,96,,,,,,,,,,,5,,,,,,
,9,4,L,,PSME,1,15.5,84,,,5,,,98,15,,14,, ,,,,,,
,9,5,L,,ABGR,1,18.1,101,,,15,,,85,85,,25,, ,,,,,,
,9,6,D,,ABGR,1,12.6,86,,,,,,,,,,,3,,,,,,
,10,1,L,,PSME,1,13.3,79,,,3,,,89,20,,14,, ,,,,,,
,10,2,D,,PSME,1,8.2,60,,,,,,,,,,,3,,,,,,
,10,3,L,,PSME,1,16.4,86,,,8,,,112,20,,16,, ,,,,,,
,10,4,L,,LAOC,1,15.2,100,,,5,,,126,30,,16,, ,,,,,,
,10,5,L,,PSME,1,12.7,77,,,3,,,84,10,,11,, ,,,,,,
,10,6,L,,PSME,1,17.3,87,,,4,,,107,20,,16,, ,,,,,,
,10,7,D,,PSME,1,8.4,61,,,,,,,,,,,3,,,,,,
,10,8,L,,PSME,1,21.7,94,,,3,,,96,30,,20,, ,,,,,,
,11,1,L,,ABGR,1,6.1,51,,,9,,,36,60,,13,, ,,,,,,
,11,2,L,,ABGR,3,1.5,5,,,,,,,30,,4,, ,,,,,,
,11,3,L,,ABGR,3,4.9,12,,,6,,,39,20,,7,, ,,,,,,
,12,1,L,,LAOC,1,21.4,111,,,4,,,186,40,,21,, ,,,,,,
,12,2,D,,LAOC,1,20.8,110,,,,,,,,,,,4,,,,,,
,12,3,D,,PICO,1,14,76,,,,,,,,,,,4,,,,,,
,12,4,L,,THPL,1,10.9,71,,,4,,,74,50,,18,, ,,,,,,
,12,5,L,,THPL,1,28,105,,,11,,,135,80,,27,, ,,,,,,
,12,6,L,,THPL,2,1.9,12,,,,,,10,27,,7,, ,,,,,,
,13,1,L,,THPL,1,14,81,,,8,,,64,60,,20,, ,,,,,,
,13,2,L,,THPL,1,28.1,105,,,10,,,69,60,,25,, ,,,,,,
,13,3,L,,THPL,1,28.1,105,,,9,,,96,80,,27,, ,,,,,,
,13,4,L,,TSHE,1,6.7,54,,,5,,,47,20,,12,, ,,,,,,
,13,5,L,,PSME,1,27.5,100,,,4,,,155,50,,26,, ,,,,,,
,13,6,L,,PSME,1,15.3,83,,,5,,,71,50,,19,, ,,,,,,
,13,7,L,,PSME,1,18.2,89,,,6,,,112,50,,21,, ,,,,,,
,13,8,L,,PSME,1,7,54,,,4,,,27,30,,11,, ,,,,,,
,13,9,L,,PSME,1,27.3,100,,,3,,,157,40,,25,, ,,,,,,
,13,10,L,,THPL,1,20.2,95,,,9,,,60,85,,25,, ,,,,,,
,13,11,L,,THPL,1,13.5,79,,,6,,,67,50,,19,, ,,,,,,
,13,12,L,,ABGR,1,1.2,7,,,,,,,60,,5,, ,,,,,,
 ,,,,,,,,,,,,,,,,,,,,,,,,,
Setting Id:,'01140445040151',,,Measurement Number:,1,Measurement Date:,Jul-26-2023,,Proc Region:,01,,Proc Forest:,14,,Admin Forest:,14,,District:,04,,Location:,4504,,Stand:,0151
,Plot,Tag,Tree,Tree,Species,Tree,,,Height to,Height to,Radial,Radial,Height,Tree,Crown,Crown,Crown,Wildlife,Log/Snag,Treatment,,,,,
,Number,No.,Status,Class,Symbol,Count,Diameter,Height ,Crown,Break,Growth,Growth2,Growth,Age,Ratio,Class,Width,Use,Decay,Option,,,,,
 ,,,,,,,,,,,,,,,,,,,,,,,,,
,1,1,L,,PSME,1,28.9,101,,,5,,,168,50,,27,, ,,,,,,
,1,2,L,,PSME,1,20.8,93,,,6,,,115,30,,20,, ,,,,,,
,1,3,L,,ABGR,1,8.5,67,,,5,,,67,40,,15,, ,,,,,,
,1,4,L,,PSME,1,24.3,97,,,3,,,159,40,,23,, ,,,,,,
,1,5,L,,ABGR,1,10.8,79,,,11,,,81,40,,17,, ,,,,,,
,2,1,L,,PSME,1,34,105,,,2,,,215,30,,26,, ,,,,,,
,2,2,L,,PIPO,1,36.2,112,,,4,,,359,40,,28,, ,,,,,,
,2,3,D,,LAOC,1,22.2,112,,,,,,,,,,,4,,,,,,
,3,1,L,,LAOC,1,15.9,101,,,2,,,136,40,,17,, ,,,,,,
,3,2,L,,PSME,1,11.3,73,,,3,,,90,30,,14,, ,,,,,,
,3,3,D,,ABGR,1,10.3,77,,,,,,,,,,,1,,,,,,
,3,4,L,,THPL,1,20.8,95,,,5,,,114,60,,23,, ,,,,,,
,3,5,L,,PSME,1,18.4,89,,,7,,,154,30,,19,, ,,,,,,
,5,1,L,,THPL,1,23.9,100,,,4,,,123,30,,20,, ,,,,,,
,5,2,L,,PIPO,1,32.7,109,,,9,,,239,30,,25,, ,,,,,,
,5,3,D,,ABGR,1,14.8,93,,,,,,,,,,,1,,,,,,
,5,4,L,,THPL,1,15.2,84,,,4,,,91,30,,17,, ,,,,,,
,5,5,L,,THPL,1,7.1,52,,,4,,,83,20,,12,, ,,,,,,
,5,6,L,,THPL,1,25.2,102,,,8,,,85,30,,20,, ,,,,,,
,5,7,L,,TSHE,1,16.7,95,,,6,,,106,30,,22,, ,,,,,,
,6,1,L,,THPL,1,19.3,93,,,8,,,82,60,,22,, ,,,,,,
,6,2,L,,THPL,1,17.2,89,,,9,,,103,60,,22,, ,,,,,,
,6,3,D,,PSME,1,18.7,90,,,,,,,,,,,1,,,,,,
,6,4,D,,ABGR,1,11,80,,,,,,,,,,,2,,,,,,
,6,5,L,,ABGR,1,11.2,80,,,7,,,97,50,,18,, ,,,,,,
,6,6,L,,ABGR,1,16.5,98,,,8,,,85,40,,21,, ,,,,,,
,6,7,D,,ABGR,1,17.4,100,,,,,,,,,,,2,,,,,,
,7,1,L,,THPL,1,28,105,,,6,,,115,50,,24,, ,,,,,,
,7,2,L,,PSME,1,26.5,99,,,7,,,182,20,,20,, ,,,,,,
,7,3,L,,THPL,1,18.1,91,,,8,,,106,40,,20,, ,,,,,,
,7,4,D,,LAOC,1,18.4,106,,,,,,,,,,,5,,,,,,
,7,5,L,,PIPO,1,33.7,110,,,3,,,275,20,,24,, ,,,,,,
,7,6,L,,THPL,1,24.4,101,,,5,,,107,30,,20,, ,,,,,,
,7,7,L,,ABGR,1,24.3,112,,,8,,,92,40,,25,, ,,,,,,
,7,8,L,,THPL,1,8.6,60,,,6,,,77,70,,18,, ,,,,,,
 ,,,,,,,,,,,,,,,,,,,,,,,,,
Setting Id:,'01140445040161',,,Measurement Number:,1,Measurement Date:,Jul-27-2023,,Proc Region:,01,,Proc Forest:,14,,Admin Forest:,14,,District:,04,,Location:,4504,,Stand:,0161
,Plot,Tag,Tree,Tree,Species,Tree,,,Height to,Height to,Radial,Radial,Height,Tree,Crown,Crown,Crown,Wildlife,Log/Snag,Treatment,,,,,
,Number,No.,Status,Class,Symbol,Count,Diameter,Height ,Crown,Break,Growth,Growth2,Growth,Age,Ratio,Class,Width,Use,Decay,Option,,,,,
 ,,,,,,,,,,,,,,,,,,,,,,,,,
,1,1,L,,PIPO,1,28.8,106,,,6,,,136,30,,23,, ,,,,,,
,2,1,L,,THPL,1,15.1,84,,,20,,,82,70,,22,, ,,,,,,
,2,2,D,,PSME,1,13.7,80,,,,,,,,,,,3,,,,,,
,2,3,L,,LAOC,1,23.7,114,,,8,,,152,30,,21,, ,,,,,,
,2,4,L,,LAOC,1,21,111,,,5,,,137,20,,18,, ,,,,,,
,2,5,L,,ABGR,1,11.1,80,,,10,,,128,55,,18,, ,,,,,,
,2,6,L,,ABGR,3,1.2,10,,,,,,,30,,4,, ,,,,,,
,3,1,L,,LAOC,1,24.8,116,,,4,,,145,40,,23,, ,,,,,,
,3,2,L,,PSME,1,18.8,90,,,7,,,77,30,,19,, ,,,,,,
,3,3,L,,PIPO,1,32.4,109,,,3,,,130,20,,23,, ,,,,,,
,3,4,L,,LAOC,1,20.3,110,,,9,,,134,30,,19,, ,,,,,,
,4,1,L,,PSME,1,29.4,102,,,4,,,190,40,,26,, ,,,,,,
,4,2,L,,PSME,1,9.2,65,,,6,,,87,30,,13,, ,,,,,,
,4,3,L,,PSME,1,11.8,74,,,4,,,80,15,,12,, ,,,,,,
,4,4,L,,PSME,1,10.8,71,,,4,,,76,30,,14,, ,,,,,,
,4,5,L,,PSME,1,32.6,104,,,4,,,163,50,,29,, ,,,,,,
,5,1,L,,LAOC,1,22.4,113,,,3,,,113,60,,23,, ,,,,,,
,5,2,L,,PICO,1,14.3,76,,,5,,,165,25,,13,, ,,,,,,
,5,3,L,,ABGR,4,1.1,8,,,,,,5,20,,4,, ,,,,,,
,6,1,L,,PSME,1,24.5,97,,,4,,,123,50,,25,, ,,,,,,
,6,2,D,,LAOC,1,20.4,110,,,,,,,,,,,2,,,,,,
,6,3,L,,PSME,1,23.8,96,,,2,,,115,30,,21,, ,,,,,,
,6,4,L,,LAOC,1,21.7,112,,,5,,,144,50,,22,, ,,,,,,
,7,1,L,,PSME,1,13.9,80,,,5,,,135,40,,17,, ,,,,,,
,7,2,L,,PSME,1,19,90,,,11,,,104,50,,22,, ,,,,,,
,7,3,L,,PSME,1,23.9,97,,,5,,,128,50,,25,, ,,,,,,
,7,4,L,,PSME,1,14.5,82,,,8,,,90,50,,19,, ,,,,,,
,7,5,L,,LAOC,1,11.4,88,,,3,,,95,50,,15,, ,,,,,,
,7,6,L,,PSME,1,31.3,103,,,7,,,124,60,,30,, ,,,,,,
,8,1,L,,ABGR,1,13.9,90,,,4,,,62,45,,19,, ,,,,,,
,8,2,L,,PSME,1,14.9,82,,,9,,,69,25,,16,, ,,,,,,
,8,3,L,,PSME,1,11,72,,,4,,,76,25,,14,, ,,,,,,
,8,4,L,,TSHE,1,0.8,5,,,,,,,40,,4,, ,,,,,,
,9,1,L,,THPL,1,24.3,100,,,6,,,127,40,,21,, ,,,,,,
,9,2,L,,PSME,1,26,99,,,4,,,125,30,,22,, ,,,,,,
,9,3,L,,THPL,1,10.7,70,,,5,,,95,20,,14,, ,,,,,,
,9,4,L,,LAOC,1,15.5,100,,,9,,,98,50,,18,, ,,,,,,
,9,5,L,,THPL,1,19.2,93,,,10,,,102,60,,22,, ,,,,,,
,9,6,L,,THPL,1,9.1,63,,,10,,,59,60,,18,, ,,,,,,
,9,7,L,,THPL,1,17,88,,,7,,,93,50,,21,, ,,,,,,
,9,8,L,,THPL,1,9.5,65,,,5,,,61,30,,15,, ,,,,,,
,9,9,D,,THPL,1,8.6,60,,,,,,,,,,,3,,,,,,
,9,10,L,,THPL,1,2.9,15,,,,,,,30,,8,, ,,,,,,
,10,1,L,,THPL,1,13,78,,,7,,,83,30,,17,, ,,,,,,
,10,2,L,,THPL,1,20.2,95,,,5,,,92,20,,17,, ,,,,,,
,10,3,L,,THPL,1,19.4,93,,,7,,,103,50,,21,, ,,,,,,
,10,4,D,,ABGR,1,19.5,104,,,,,,,,,,,2,,,,,,
,10,5,L,,THPL,1,9.7,66,,,10,,,62,15,,12,, ,,,,,,
,10,6,L,,ABGR,1,15.3,94,,,11,,,107,20,,17,, ,,,,,,
,10,7,L,,THPL,1,5.9,44,,,2,,,25,10,,9,, ,,,,,,
,11,1,D,,TSHE,1,10.3,74,,,,,,,,,,,5,,,,,,
,11,2,L,,PSME,1,14.8,82,,,6,,,79,40,,18,, ,,,,,,
,11,3,L,,PSME,1,20.5,92,,,5,,,72,30,,20,, ,,,,,,
,11,4,D,,PSME,1,8.3,61,,,,,,,,,,,5,,,,,,
,11,5,L,,ABGR,5,0.8,5,,,,,,,30,,3,, ,,,,,,
,11,6,L,,TSHE,11,0.7,5,,,,,,,20,,3,, ,,,,,,
,12,1,L,,LAOC,1,17.4,105,,,4,,,123,50,,19,, ,,,,,,
,12,2,L,,LAOC,1,20,109,,,7,,,182,40,,20,, ,,,,,,
,12,3,L,,PSME,1,29.9,102,,,3,,,192,30,,24,, ,,,,,,
,12,4,D,,LAOC,1,16.4,102,,,,,,,,,,,4,,,,,,
,12,5,L,,PSME,1,5.1,42,,,5,,,40,10,,7,, ,,,,,,
,12,6,L,,PSME,1,18.7,90,,,6,,,91,45,,21,, ,,,,,,
,12,7,L,,LAOC,1,18.9,107,,,5,,,129,60,,21,, ,,,,,,
,13,1,L,,PSME,1,14.7,82,,,8,,,106,40,,18,, ,,,,,,
,13,2,L,,PSME,1,13,78,,,4,,,84,30,,16,, ,,,,,,
,13,3,L,,PSME,1,8,59,,,3,,,65,20,,11,, ,,,,,,
,13,4,L,,PSME,1,16.6,86,,,6,,,140,40,,19,, ,,,,,,
,13,5,L,,PSME,1,16.5,86,,,7,,,98,40,,19,, ,,,,,,
,13,6,L,,PSME,1,10.2,69,,,5,,,73,15,,11,, ,,,,,,
,13,7,L,,PSME,1,10.9,71,,,6,,,76,20,,13,, ,,,,,,
 ,,,,,,,,,,,,,,,,,,,,,,,,,
Setting Id:,'011404ROSS0101',,,Measurement Number:,1,Measurement Date:,Aug-08-2023,,Proc Region:,01,,Proc Forest:,14,,Admin Forest:,14,,District:,04,,Location:,ROSS,,Stand:,0101
,Plot,Tag,Tree,Tree,Species,Tree,,,Height to,Height to,Radial,Radial,Height,Tree,Crown,Crown,Crown,Wildlife,Log/Snag,Treatment,,,,,
,Number,No.,Status,Class,Symbol,Count,Diameter,Height ,Crown,Break,Growth,Growth2,Growth,Age,Ratio,Class,Width,Use,Decay,Option,,,,,
 ,,,,,,,,,,,,,,,,,,,,,,,,,
,1,1,L,,LAOC,1,16.3,102,,,10,,,98,50,,18,, ,,,,,,
,1,2,L,,LAOC,1,15.3,100,,,5,,,104,40,,17,, ,,,,,,
,1,3,L,,THPL,1,22.6,98,,,6,,,110,50,,22,, ,,,,,,
,1,4,L,,PSME,1,17.4,87,,,19,,,104,60,,22,, ,,,,,,
,1,5,L,,ABGR,9,1.3,5,,,,,,,20,,4,, ,,,,,,
,2,1,L,,LAOC,1,12.5,92,,,3,,,110,30,,14,, ,,,,,,
,2,2,L,,ABGR,1,6.4,54,,,6,,,74,30,,12,, ,,,,,,
,2,3,L,,THPL,1,12.7,77,,,5,,,85,30,,16,, ,,,,,,
,2,4,D,,LAOC,1,9,78,,,,,,,,,,,4,,,,,,
,2,5,D,,LAOC,1,8,73,,,,,,,,,,,5,,,,,,
,2,6,L,,TSHE,3,1.2,5,,,,,,,20,,4,, ,,,,,,
,2,7,L,,ABGR,3,1.1,5,,,,,,,30,,4,, ,,,,,,
,3,1,L,,THPL,1,10.1,67,,,5,,,81,30,,15,, ,,,,,,
,3,2,L,,PSME,1,14.1,81,,,9,,,83,30,,16,, ,,,,,,
,3,3,L,,TSHE,1,11,77,,,15,,,48,80,,22,, ,,,,,,
,3,4,L,,LAOC,1,17,104,,,4,,,115,30,,17,, ,,,,,,
,4,1,L,,THPL,1,11.7,74,,,5,,,65,30,,16,, ,,,,,,
,4,2,L,,LAOC,1,12.6,92,,,9,,,86,15,,12,, ,,,,,,
,4,3,L,,THPL,1,8.4,59,,,7,,,68,30,,14,, ,,,,,,
,4,4,L,,PSME,1,20.1,92,,,8,,,122,20,,18,, ,,,,,,
,4,5,L,,TSHE,2,0.2,6,,,,,,,68,,3,, ,,,,,,
,5,1,D,,ABGR,1,10,75,,,,,,,,,,,2,,,,,,
,5,2,D,,ABGR,1,12.9,87,,,,,,,,,,,2,,,,,,
,5,3,D,,ABGR,1,14.5,92,,,,,,,,,,,2,,,,,,
,5,4,L,,TSHE,1,13.2,86,,,9,,,100,30,,19,, ,,,,,,
,5,5,L,,ABGR,1,13.6,89,,,7,,,90,30,,18,, ,,,,,,
,5,6,D,,ABGR,1,8,64,,,,,,,,,,,4,,,,,,
,5,7,D,,ABGR,1,5,42,,,,,,,,,,,2,,,,,,
